item_no,item_ctg1,item_ctg2,item_amt
1,식품,즉석식품,34500.0
2,생활용품,화장지,21100.0
3,의류,잠옷,72100.0
4,의류,임부복,61000.0
5,화장품,클렌징,14500.0
6,의류,로드샵브랜드,44500.0
7,생활용품,주방용품,33700.0
8,가전,주방가전,381800.0
9,식품,농산물,20100.0
10,의류,아동/주니어의류,40300.0
11,의류,언더웨어,37600.0
12,생활용품,화장지,21700.0
13,의류,기타의류,50000.0
14,화장품,바디,21200.0
15,의류,기타의류,53300.0
16,생활용품,세제,39800.0
17,의류,유아의류,34800.0
18,의류,잠옷,67800.0
19,식품,간식,25100.0
20,식품,과자류,4900.0
21,의류,스포츠의류,55500.0
22,의류,잠옷,67000.0
23,식품,수산축산물,26400.0
24,식품,유기농식품,63200.0
25,의류,여성의류,59900.0
26,의류,언더웨어,32200.0
27,가전,영상음향,323500.0
28,식품,과자류,12200.0
29,생활용품,화장지,21800.0
30,화장품,남성화장품,56000.0
31,의류,임부복,58700.0
32,의류,남성의류,91700.0
33,의류,로드샵브랜드,38500.0
34,가전,주방가전,386400.0
35,식품,음료,29100.0
36,식품,농산물,21800.0
37,의류,빅사이즈의류,68500.0
38,의류,기타의류,47000.0
39,의류,언더웨어,36800.0
40,식품,과자류,5200.0
41,의류,남성의류,90900.0
42,의류,잠옷,73200.0
43,의류,언더웨어,34300.0
44,가전,영상음향,326700.0
45,생활용품,생활잡화,34800.0
46,의류,기타의류,47200.0
47,식품,과자류,9100.0
48,의류,임부복,62900.0
49,식품,가공식품,27000.0
50,생활용품,세제,35000.0
51,의류,남성의류,89400.0
52,화장품,선케어,13900.0
53,생활용품,세제,39400.0
54,생활용품,생활잡화,33800.0
55,화장품,남성화장품,53400.0
56,의류,아동/주니어의류,42500.0
57,의류,스포츠의류,51200.0
58,가전,영상음향,324500.0
59,식품,농산물,16000.0
60,식품,음료,28500.0
61,의류,빅사이즈의류,61300.0
62,의류,언더웨어,35900.0
63,식품,음료,29400.0
64,식품,유기농식품,61400.0
65,의류,남성의류,90500.0
66,의류,기타의류,48300.0
67,의류,여성의류,59300.0
68,의류,스포츠의류,48900.0
69,의류,임부복,62400.0
70,가전,휴대폰,799600.0
71,의류,스포츠의류,57600.0
72,식품,농산물,17900.0
73,의류,임부복,54400.0
74,식품,건강식품,129400.0
75,식품,음료,28600.0
76,의류,언더웨어,33300.0
77,식품,건강식품,127500.0
78,화장품,헤어,24000.0
79,식품,건강식품,130300.0
80,생활용품,생활잡화,33100.0
81,의류,아동/주니어의류,41700.0
82,식품,건강식품,128200.0
83,화장품,스킨케어,44600.0
84,식품,건강식품,131900.0
85,식품,건강식품,128400.0
86,의류,잠옷,72700.0
87,생활용품,세제,40300.0
88,의류,남성캐쥬얼,55800.0
89,의류,유아의류,37300.0
90,화장품,명품화장품,118300.0
91,의류,스포츠의류,56200.0
92,의류,언더웨어,36200.0
93,화장품,선케어,14200.0
94,식품,과자류,6100.0
95,의류,유아의류,36000.0
96,화장품,스킨케어,38800.0
97,생활용품,생활잡화,34700.0
98,식품,농산물,12300.0
99,식품,수산축산물,25300.0
100,의류,남성의류,100900.0
101,화장품,명품화장품,119500.0
102,의류,기타의류,52300.0
103,의류,아동/주니어의류,37100.0
104,생활용품,생활잡화,35600.0
105,가전,주방가전,387900.0
106,화장품,선케어,16200.0
107,식품,유기농식품,61300.0
108,식품,수산축산물,32500.0
109,식품,과자류,7400.0
110,의류,여성의류,66800.0
111,의류,기타의류,53800.0
112,화장품,클렌징,15100.0
113,식품,과자류,13500.0
114,의류,유아의류,31900.0
115,식품,유기농식품,66000.0
116,가전,영상음향,324000.0
117,의류,여성의류,65200.0
118,식품,건강식품,130200.0
119,의류,언더웨어,33700.0
120,의류,남성의류,89100.0
121,식품,음료,30400.0
122,의류,로드샵브랜드,39700.0
123,의류,언더웨어,38300.0
124,의류,로드샵브랜드,37600.0
125,의류,잠옷,65000.0
126,의류,아동/주니어의류,38700.0
127,의류,남성의류,96000.0
128,식품,음료,35600.0
129,식품,건강식품,127000.0
130,의류,여성의류,58700.0
131,식품,유기농식품,66700.0
132,식품,수산축산물,27800.0
133,의류,기타의류,52500.0
134,가전,휴대폰,793100.0
135,가전,영상음향,327000.0
136,의류,스포츠의류,51000.0
137,의류,로드샵브랜드,47400.0
138,의류,아동/주니어의류,38400.0
139,의류,스포츠의류,55800.0
140,의류,여성의류,59600.0
141,생활용품,주방용품,40400.0
142,가전,휴대폰,791700.0
143,화장품,명품화장품,115100.0
144,식품,건강식품,130600.0
145,의류,빅사이즈의류,60700.0
146,가전,주방가전,386900.0
147,의류,잠옷,70500.0
148,식품,수산축산물,25700.0
149,의류,언더웨어,30500.0
150,생활용품,화장지,19900.0
151,식품,수산축산물,33400.0
152,화장품,남성화장품,51600.0
153,의류,빅사이즈의류,65900.0
154,의류,기타의류,46300.0
155,식품,농산물,12100.0
156,의류,스포츠의류,52300.0
157,식품,건강식품,129600.0
158,생활용품,세제,34400.0
159,의류,유아의류,41200.0
160,가전,주방가전,385700.0
161,의류,아동/주니어의류,41800.0
162,화장품,명품화장품,117100.0
163,의류,여성의류,59400.0
164,식품,간식,25600.0
165,화장품,명품화장품,111800.0
166,의류,여성의류,62600.0
167,의류,아동/주니어의류,35700.0
168,의류,임부복,54600.0
169,화장품,스킨케어,45600.0
170,화장품,남성화장품,47900.0
171,의류,임부복,60200.0
172,의류,언더웨어,34500.0
173,의류,유아의류,42100.0
174,의류,스포츠의류,47600.0
175,의류,임부복,58400.0
176,화장품,명품화장품,118000.0
177,가전,주방가전,389500.0
178,의류,유아의류,34700.0
179,가전,생활가전,201800.0
180,식품,음료,34400.0
181,식품,과자류,9700.0
182,화장품,명품화장품,121000.0
183,생활용품,세제,31800.0
184,의류,빅사이즈의류,59300.0
185,식품,음료,26000.0
186,생활용품,주방용품,41400.0
187,화장품,명품화장품,113700.0
188,화장품,헤어,28800.0
189,식품,수산축산물,30100.0
190,의류,기타의류,47800.0
191,식품,음료,28400.0
192,생활용품,생활잡화,29800.0
193,의류,여성의류,59200.0
194,가전,주방가전,390400.0
195,의류,잠옷,73400.0
196,식품,농산물,13900.0
197,생활용품,생활잡화,32900.0
198,생활용품,화장지,20100.0
199,의류,로드샵브랜드,44300.0
200,가전,영상음향,326300.0
201,가전,영상음향,330400.0
202,의류,로드샵브랜드,42100.0
203,가전,주방가전,386600.0
204,생활용품,화장지,20800.0
205,식품,가공식품,26400.0
206,의류,여성의류,62500.0
207,의류,유아의류,42200.0
208,의류,로드샵브랜드,38800.0
209,식품,즉석식품,27400.0
210,가전,주방가전,383100.0
211,생활용품,생활잡화,29700.0
212,식품,과자류,10000.0
213,생활용품,주방용품,39000.0
214,화장품,남성화장품,51800.0
215,식품,수산축산물,35000.0
216,가전,생활가전,200500.0
217,생활용품,주방용품,38600.0
218,생활용품,생활잡화,30700.0
219,화장품,선케어,15700.0
220,가전,휴대폰,808800.0
221,화장품,명품화장품,118700.0
222,식품,건강식품,132600.0
223,의류,잠옷,70700.0
224,식품,농산물,16600.0
225,의류,아동/주니어의류,38300.0
226,화장품,명품화장품,110700.0
227,식품,즉석식품,31900.0
228,가전,생활가전,199400.0
229,생활용품,세제,39000.0
230,식품,유기농식품,64800.0
231,의류,아동/주니어의류,38100.0
232,가전,주방가전,386100.0
233,생활용품,세제,31400.0
234,가전,휴대폰,802200.0
235,가전,주방가전,380500.0
236,식품,건강식품,129800.0
237,의류,로드샵브랜드,38900.0
238,화장품,명품화장품,112200.0
239,의류,아동/주니어의류,45600.0
240,의류,아동/주니어의류,39500.0
241,화장품,명품화장품,113500.0
242,의류,언더웨어,36600.0
243,화장품,명품화장품,113200.0
244,가전,생활가전,201500.0
245,화장품,메이크업,68200.0
246,생활용품,세제,34200.0
247,가전,영상음향,329500.0
248,의류,여성의류,62300.0
249,화장품,명품화장품,116500.0
250,의류,로드샵브랜드,46200.0
251,의류,언더웨어,30100.0
252,생활용품,세제,32600.0
253,화장품,명품화장품,119000.0
254,식품,건강식품,133100.0
255,식품,과자류,6900.0
256,생활용품,생활잡화,34400.0
257,의류,스포츠의류,46300.0
258,식품,농산물,17300.0
259,식품,건강식품,127400.0
260,의류,잠옷,74600.0
261,의류,남성의류,96400.0
262,식품,간식,25200.0
263,식품,수산축산물,34100.0
264,의류,빅사이즈의류,60800.0
265,가전,휴대폰,795100.0
266,생활용품,세제,37400.0
267,식품,음료,25200.0
268,의류,남성의류,90600.0
269,식품,건강식품,132800.0
270,화장품,명품화장품,116300.0
271,의류,로드샵브랜드,39200.0
272,의류,임부복,62100.0
273,식품,과자류,10400.0
274,생활용품,생활잡화,27300.0
275,식품,농산물,20900.0
276,식품,가공식품,26200.0
277,생활용품,생활잡화,27900.0
278,식품,과자류,6700.0
279,의류,유아의류,34200.0
280,식품,간식,26200.0
281,가전,영상음향,327200.0
282,화장품,향수,66600.0
283,식품,간식,26100.0
284,식품,농산물,12500.0
285,생활용품,세제,35700.0
286,식품,건강식품,125400.0
287,가전,주방가전,383400.0
288,생활용품,주방용품,37900.0
289,가전,생활가전,201100.0
290,식품,과자류,6600.0
291,의류,남성의류,98000.0
292,의류,임부복,60900.0
293,생활용품,세제,31300.0
294,의류,유아의류,35400.0
295,의류,유아의류,40600.0
296,식품,과자류,6500.0
297,가전,주방가전,382500.0
298,식품,건강식품,131200.0
299,의류,로드샵브랜드,38200.0
300,식품,수산축산물,29600.0
301,화장품,스킨케어,38700.0
302,식품,수산축산물,35400.0
303,의류,기타의류,52100.0
304,가전,영상음향,326400.0
305,의류,언더웨어,37900.0
306,의류,로드샵브랜드,40700.0
307,의류,유아의류,32500.0
308,의류,아동/주니어의류,39400.0
309,의류,잠옷,71600.0
310,식품,농산물,16500.0
311,화장품,클렌징,14900.0
312,생활용품,세제,37900.0
313,의류,스포츠의류,47700.0
314,화장품,바디,20000.0
315,식품,건강식품,128700.0
316,가전,영상음향,321400.0
317,의류,아동/주니어의류,37900.0
318,의류,기타의류,48600.0
319,식품,유기농식품,66400.0
320,의류,남성의류,91900.0
321,생활용품,주방용품,34500.0
322,의류,남성의류,93400.0
323,의류,여성의류,57700.0
324,의류,아동/주니어의류,36700.0
325,화장품,향수,63700.0
326,가전,영상음향,330200.0
327,생활용품,생활잡화,32300.0
328,생활용품,생활잡화,30100.0
329,식품,즉석식품,32600.0
330,식품,과자류,12400.0
331,식품,건강식품,133000.0
332,식품,과자류,10800.0
333,가전,영상음향,323800.0
334,식품,과자류,13100.0
335,의류,남성의류,90300.0
336,식품,과자류,14900.0
337,식품,유기농식품,64700.0
338,의류,스포츠의류,52700.0
339,의류,언더웨어,30800.0
340,생활용품,세제,33000.0
341,의류,유아의류,38200.0
342,의류,아동/주니어의류,41600.0
343,의류,기타의류,55200.0
344,식품,음료,32700.0
345,식품,과자류,5100.0
346,화장품,선케어,16000.0
347,화장품,명품화장품,119600.0
348,가전,영상음향,322700.0
349,생활용품,주방용품,37500.0
350,의류,임부복,55600.0
351,의류,임부복,61200.0
352,의류,남성의류,93500.0
353,식품,음료,25600.0
354,식품,음료,25700.0
355,화장품,명품화장품,119900.0
356,화장품,선케어,14400.0
357,가전,영상음향,326500.0
358,식품,수산축산물,32400.0
359,가전,생활가전,205200.0
360,식품,건강식품,135900.0
361,식품,과자류,13900.0
362,의류,스포츠의류,54000.0
363,화장품,명품화장품,113100.0
364,생활용품,세제,30200.0
365,의류,아동/주니어의류,40900.0
366,의류,잠옷,69700.0
367,식품,과자류,13300.0
368,의류,여성의류,65800.0
369,의류,로드샵브랜드,46500.0
370,의류,남성의류,94700.0
371,의류,남성의류,95100.0
372,의류,남성의류,99400.0
373,생활용품,세제,30800.0
374,의류,스포츠의류,47900.0
375,의류,유아의류,32800.0
376,의류,스포츠의류,53900.0
377,식품,수산축산물,30600.0
378,의류,임부복,61900.0
379,의류,유아의류,32600.0
380,의류,남성의류,95800.0
381,의류,남성의류,89800.0
382,의류,기타의류,46400.0
383,의류,로드샵브랜드,46700.0
384,의류,스포츠의류,53600.0
385,의류,남성의류,98500.0
386,의류,여성의류,63000.0
387,의류,남성의류,98300.0
388,화장품,헤어,24600.0
389,의류,아동/주니어의류,46400.0
390,가전,휴대폰,796100.0
391,식품,수산축산물,35300.0
392,식품,과자류,7500.0
393,식품,농산물,12600.0
394,화장품,명품화장품,118400.0
395,의류,언더웨어,35400.0
396,식품,건강식품,134400.0
397,가전,주방가전,389400.0
398,의류,잠옷,65500.0
399,의류,잠옷,75000.0
400,의류,남성의류,99500.0
401,의류,남성의류,97100.0
402,의류,남성의류,95300.0
403,의류,남성의류,97800.0
404,의류,여성의류,58900.0
405,식품,건강식품,129500.0
406,가전,주방가전,387700.0
407,식품,음료,26100.0
408,의류,여성의류,57800.0
409,식품,음료,26500.0
410,화장품,명품화장품,111400.0
411,식품,농산물,21700.0
412,식품,과자류,15000.0
413,생활용품,주방용품,41900.0
414,생활용품,화장지,21400.0
415,식품,과자류,15100.0
416,의류,아동/주니어의류,46900.0
417,의류,잠옷,69100.0
418,생활용품,생활잡화,29400.0
419,의류,여성의류,61000.0
420,화장품,스킨케어,41600.0
421,의류,남성의류,92100.0
422,의류,빅사이즈의류,66900.0
423,의류,아동/주니어의류,40400.0
424,의류,로드샵브랜드,39500.0
425,의류,로드샵브랜드,40500.0
426,화장품,헤어,26400.0
427,화장품,남성화장품,50200.0
428,식품,건강식품,133800.0
429,가전,주방가전,387400.0
430,의류,기타의류,49200.0
431,식품,즉석식품,27100.0
432,의류,잠옷,68300.0
433,의류,스포츠의류,52900.0
434,식품,과자류,8400.0
435,가전,주방가전,387600.0
436,화장품,명품화장품,120200.0
437,화장품,명품화장품,111600.0
438,가전,휴대폰,791800.0
439,의류,남성캐쥬얼,52800.0
440,식품,가공식품,26600.0
441,식품,즉석식품,34900.0
442,식품,농산물,13500.0
443,생활용품,주방용품,42800.0
444,식품,건강식품,132700.0
445,식품,음료,26200.0
446,식품,건강식품,129300.0
447,의류,빅사이즈의류,64700.0
448,의류,잠옷,65300.0
449,의류,잠옷,75800.0
450,식품,수산축산물,32200.0
451,의류,빅사이즈의류,68600.0
452,생활용품,세제,35200.0
453,의류,로드샵브랜드,41700.0
454,식품,간식,26500.0
455,의류,남성의류,94000.0
456,화장품,선케어,14800.0
457,식품,즉석식품,35100.0
458,의류,로드샵브랜드,38000.0
459,화장품,명품화장품,116700.0
460,식품,음료,32900.0
461,의류,기타의류,51200.0
462,가전,영상음향,322500.0
463,식품,건강식품,135100.0
464,의류,스포츠의류,50400.0
465,생활용품,생활잡화,32700.0
466,의류,아동/주니어의류,40700.0
467,화장품,남성화장품,53800.0
468,식품,과자류,8200.0
469,의류,여성의류,59700.0
470,가전,휴대폰,791500.0
471,생활용품,세제,34300.0
472,의류,스포츠의류,47400.0
473,의류,잠옷,71000.0
474,의류,잠옷,71500.0
475,생활용품,세제,40400.0
476,의류,남성의류,97500.0
477,의류,남성의류,96500.0
478,식품,과자류,14400.0
479,화장품,명품화장품,111300.0
480,화장품,클렌징,15200.0
481,의류,남성의류,92600.0
482,생활용품,세제,35100.0
483,식품,농산물,22600.0
484,식품,과자류,13700.0
485,의류,유아의류,41300.0
486,식품,과자류,7900.0
487,화장품,향수,60300.0
488,의류,아동/주니어의류,43200.0
489,생활용품,생활잡화,31100.0
490,식품,음료,26600.0
491,가전,주방가전,389900.0
492,의류,여성의류,58100.0
493,의류,로드샵브랜드,44400.0
494,식품,즉석식품,33300.0
495,의류,유아의류,35600.0
496,식품,수입식품,28700.0
497,생활용품,세제,36900.0
498,의류,아동/주니어의류,37300.0
499,의류,남성의류,96200.0
500,화장품,클렌징,15000.0
501,의류,임부복,56600.0
502,의류,언더웨어,36500.0
503,식품,수산축산물,31000.0
504,의류,유아의류,39800.0
505,생활용품,주방용품,37600.0
506,생활용품,생활잡화,30300.0
507,의류,유아의류,40900.0
508,가전,휴대폰,805400.0
509,식품,농산물,12800.0
510,의류,잠옷,66000.0
511,식품,즉석식품,34100.0
512,식품,수산축산물,33800.0
513,생활용품,세제,31700.0
514,식품,음료,28900.0
515,생활용품,세제,35900.0
516,의류,기타의류,51000.0
517,의류,유아의류,38700.0
518,의류,기타의류,48800.0
519,의류,남성의류,98200.0
520,식품,농산물,21500.0
521,식품,유기농식품,62500.0
522,의류,잠옷,73700.0
523,식품,과자류,14200.0
524,의류,기타의류,51400.0
525,식품,수산축산물,32100.0
526,식품,과자류,14500.0
527,의류,유아의류,33200.0
528,화장품,헤어,29500.0
529,의류,잠옷,73000.0
530,의류,잠옷,69600.0
531,의류,빅사이즈의류,61900.0
532,식품,음료,34600.0
533,의류,로드샵브랜드,41300.0
534,의류,로드샵브랜드,40300.0
535,의류,빅사이즈의류,62200.0
536,식품,수산축산물,33000.0
537,의류,남성의류,96900.0
538,식품,농산물,18900.0
539,의류,언더웨어,35000.0
540,가전,휴대폰,795700.0
541,식품,간식,26600.0
542,생활용품,생활잡화,28500.0
543,생활용품,주방용품,43800.0
544,생활용품,세제,33500.0
545,식품,음료,30800.0
546,식품,농산물,13000.0
547,식품,과자류,10600.0
548,가전,휴대폰,805300.0
549,식품,과자류,7000.0
550,식품,가공식품,26700.0
551,의류,잠옷,70600.0
552,화장품,헤어,33800.0
553,의류,아동/주니어의류,46100.0
554,의류,남성의류,99100.0
555,생활용품,생활잡화,34900.0
556,의류,유아의류,33400.0
557,의류,언더웨어,30600.0
558,가전,영상음향,322000.0
559,가전,영상음향,324200.0
560,의류,로드샵브랜드,40100.0
561,의류,여성의류,61200.0
562,의류,스포츠의류,56600.0
563,의류,남성의류,95200.0
564,식품,간식,26800.0
565,의류,언더웨어,38900.0
566,화장품,클렌징,15300.0
567,의류,언더웨어,32100.0
568,식품,수입식품,29100.0
569,의류,언더웨어,34600.0
570,의류,유아의류,39100.0
571,의류,아동/주니어의류,40200.0
572,생활용품,세제,32700.0
573,의류,로드샵브랜드,39300.0
574,의류,스포츠의류,56400.0
575,의류,빅사이즈의류,67000.0
576,화장품,선케어,15100.0
577,화장품,명품화장품,116100.0
578,의류,언더웨어,32500.0
579,식품,수산축산물,33700.0
580,의류,잠옷,69000.0
581,화장품,헤어,25500.0
582,생활용품,생활잡화,26600.0
583,화장품,헤어,26100.0
584,의류,기타의류,51600.0
585,생활용품,주방용품,36900.0
586,의류,아동/주니어의류,42600.0
587,식품,과자류,14000.0
588,식품,과자류,9200.0
589,화장품,명품화장품,120900.0
590,식품,간식,26300.0
591,화장품,선케어,14700.0
592,의류,로드샵브랜드,43800.0
593,의류,스포츠의류,53500.0
594,생활용품,세제,33300.0
595,의류,로드샵브랜드,41800.0
596,의류,여성의류,59000.0
597,화장품,명품화장품,111100.0
598,식품,수산축산물,30300.0
599,의류,스포츠의류,48700.0
600,의류,남성의류,92900.0
601,의류,기타의류,47400.0
602,식품,음료,30700.0
603,가전,휴대폰,789500.0
604,의류,유아의류,34100.0
605,의류,남성의류,98600.0
606,생활용품,생활잡화,35500.0
607,의류,잠옷,68900.0
608,의류,언더웨어,31300.0
609,식품,농산물,16300.0
610,의류,언더웨어,32900.0
611,의류,스포츠의류,49500.0
612,생활용품,주방용품,42400.0
613,가전,휴대폰,806300.0
614,의류,빅사이즈의류,63100.0
615,의류,아동/주니어의류,36600.0
616,의류,유아의류,35200.0
617,가전,주방가전,380300.0
618,의류,언더웨어,31400.0
619,식품,음료,26700.0
620,식품,과자류,12000.0
621,의류,빅사이즈의류,67600.0
622,의류,아동/주니어의류,44700.0
623,가전,휴대폰,794900.0
624,의류,여성의류,67100.0
625,식품,음료,32000.0
626,의류,빅사이즈의류,60100.0
627,식품,건강식품,128000.0
628,의류,언더웨어,30700.0
629,의류,기타의류,55700.0
630,식품,수산축산물,35200.0
631,가전,영상음향,327400.0
632,가전,휴대폰,808700.0
633,의류,잠옷,71300.0
634,화장품,남성화장품,55100.0
635,의류,스포츠의류,54100.0
636,화장품,명품화장품,120100.0
637,화장품,헤어,28100.0
638,화장품,헤어,32100.0
639,의류,스포츠의류,49700.0
640,의류,남성의류,91600.0
641,의류,기타의류,46200.0
642,의류,여성의류,58800.0
643,의류,여성의류,58500.0
644,가전,휴대폰,797000.0
645,의류,로드샵브랜드,47300.0
646,의류,로드샵브랜드,44600.0
647,화장품,명품화장품,120400.0
648,의류,아동/주니어의류,36500.0
649,식품,가공식품,26800.0
650,식품,과자류,12800.0
651,의류,기타의류,46500.0
652,의류,잠옷,69200.0
653,의류,유아의류,33100.0
654,의류,잠옷,66100.0
655,식품,농산물,13400.0
656,의류,여성의류,62800.0
657,의류,남성의류,89300.0
658,의류,언더웨어,34900.0
659,생활용품,생활잡화,25500.0
660,생활용품,생활잡화,27000.0
661,가전,영상음향,324300.0
662,의류,아동/주니어의류,38000.0
663,생활용품,생활잡화,33300.0
664,화장품,명품화장품,118900.0
665,식품,수산축산물,27400.0
666,식품,음료,33700.0
667,식품,농산물,13800.0
668,의류,빅사이즈의류,63700.0
669,생활용품,화장지,22000.0
670,의류,여성의류,59500.0
671,의류,잠옷,75600.0
672,가전,주방가전,383900.0
673,화장품,헤어,31200.0
674,식품,음료,31400.0
675,의류,아동/주니어의류,48100.0
676,식품,음료,27100.0
677,의류,아동/주니어의류,41100.0
678,식품,수산축산물,27200.0
679,가전,주방가전,389100.0
680,생활용품,생활잡화,29500.0
681,의류,여성의류,64200.0
682,의류,여성의류,65600.0
683,화장품,스킨케어,40000.0
684,생활용품,주방용품,38000.0
685,의류,아동/주니어의류,36300.0
686,생활용품,세제,32500.0
687,의류,빅사이즈의류,69200.0
688,화장품,명품화장품,111500.0
689,의류,로드샵브랜드,42700.0
690,가전,주방가전,389300.0
691,생활용품,세제,36200.0
692,의류,남성의류,89500.0
693,의류,로드샵브랜드,44700.0
694,가전,주방가전,384700.0
695,의류,임부복,57100.0
696,의류,로드샵브랜드,43100.0
697,생활용품,생활잡화,28200.0
698,화장품,선케어,13800.0
699,식품,수산축산물,30000.0
700,가전,휴대폰,795000.0
701,의류,스포츠의류,51500.0
702,화장품,바디,20900.0
703,식품,수산축산물,31400.0
704,식품,즉석식품,29600.0
705,가전,영상음향,325300.0
706,의류,유아의류,37700.0
707,식품,즉석식품,32100.0
708,의류,잠옷,71800.0
709,의류,빅사이즈의류,60200.0
710,가전,주방가전,383700.0
711,의류,스포츠의류,46600.0
712,가전,영상음향,328300.0
713,의류,여성의류,67000.0
714,의류,언더웨어,36100.0
715,식품,농산물,14500.0
716,의류,임부복,61700.0
717,식품,건강식품,130800.0
718,의류,빅사이즈의류,59900.0
719,의류,언더웨어,31200.0
720,화장품,명품화장품,112400.0
721,식품,과자류,10300.0
722,식품,농산물,19500.0
723,화장품,향수,60000.0
724,의류,유아의류,41100.0
725,생활용품,세제,38400.0
726,의류,남성의류,97300.0
727,의류,아동/주니어의류,45100.0
728,가전,영상음향,330300.0
729,식품,수산축산물,25800.0
730,의류,로드샵브랜드,45700.0
731,생활용품,화장지,21300.0
732,의류,스포츠의류,55000.0
733,의류,남성의류,95600.0
734,식품,수산축산물,35900.0
735,가전,휴대폰,806000.0
736,생활용품,생활잡화,35100.0
737,의류,로드샵브랜드,46900.0
738,의류,임부복,63400.0
739,의류,기타의류,55600.0
740,의류,여성의류,60600.0
741,의류,여성의류,58300.0
742,의류,스포츠의류,52800.0
743,식품,즉석식품,30700.0
744,가전,휴대폰,798000.0
745,의류,로드샵브랜드,42500.0
746,의류,여성의류,61700.0
747,의류,남성의류,99200.0
748,가전,주방가전,389000.0
749,생활용품,생활잡화,29600.0
750,식품,건강식품,130000.0
751,의류,스포츠의류,56100.0
752,화장품,헤어,25200.0
753,식품,농산물,18300.0
754,가전,주방가전,386200.0
755,가전,영상음향,322200.0
756,화장품,남성화장품,54900.0
757,식품,음료,26300.0
758,식품,음료,32100.0
759,의류,언더웨어,35800.0
760,의류,여성의류,64700.0
761,의류,아동/주니어의류,39100.0
762,생활용품,세제,32100.0
763,의류,남성의류,93000.0
764,의류,스포츠의류,54200.0
765,식품,건강식품,133900.0
766,의류,스포츠의류,52200.0
767,의류,여성의류,65300.0
768,생활용품,세제,39600.0
769,식품,건강식품,125900.0
770,의류,잠옷,75200.0
771,식품,농산물,17200.0
772,가전,주방가전,389600.0
773,식품,즉석식품,29800.0
774,의류,로드샵브랜드,41000.0
775,의류,남성의류,95400.0
776,화장품,헤어,30600.0
777,식품,즉석식품,32800.0
778,의류,잠옷,65800.0
779,의류,스포츠의류,55100.0
780,식품,음료,34800.0
781,식품,가공식품,26300.0
782,생활용품,화장지,22100.0
783,의류,여성의류,57300.0
784,생활용품,생활잡화,29100.0
785,화장품,명품화장품,114700.0
786,식품,농산물,18400.0
787,식품,농산물,20200.0
788,식품,과자류,5900.0
789,의류,언더웨어,29700.0
790,생활용품,생활잡화,25100.0
791,생활용품,주방용품,41200.0
792,식품,수산축산물,34000.0
793,식품,건강식품,126600.0
794,의류,잠옷,74400.0
795,의류,임부복,60100.0
796,화장품,클렌징,16000.0
797,가전,주방가전,390300.0
798,식품,농산물,16800.0
799,식품,과자류,7700.0
800,생활용품,주방용품,42000.0
801,의류,유아의류,36300.0
802,의류,여성의류,66100.0
803,의류,기타의류,55000.0
804,식품,농산물,19800.0
805,식품,수산축산물,33200.0
806,생활용품,생활잡화,34500.0
807,식품,과자류,15200.0
808,식품,건강식품,134900.0
809,의류,임부복,57900.0
810,의류,로드샵브랜드,38400.0
811,가전,영상음향,321600.0
812,의류,유아의류,38900.0
813,생활용품,주방용품,39900.0
814,식품,유기농식품,59900.0
815,식품,수산축산물,26700.0
816,의류,스포츠의류,50800.0
817,식품,수산축산물,25500.0
818,의류,언더웨어,29900.0
819,식품,음료,31900.0
820,의류,여성의류,57000.0
821,식품,수입식품,29800.0
822,생활용품,생활잡화,26900.0
823,의류,유아의류,37100.0
824,화장품,남성화장품,50700.0
825,화장품,명품화장품,116200.0
826,화장품,헤어,24900.0
827,의류,유아의류,35800.0
828,의류,유아의류,36800.0
829,의류,남성의류,99300.0
830,식품,과자류,6400.0
831,의류,언더웨어,36700.0
832,식품,즉석식품,35300.0
833,식품,과자류,10100.0
834,식품,농산물,15000.0
835,식품,과자류,5400.0
836,식품,건강식품,125100.0
837,가전,주방가전,381400.0
838,의류,로드샵브랜드,45800.0
839,생활용품,주방용품,36000.0
840,식품,농산물,15300.0
841,식품,농산물,15100.0
842,의류,유아의류,40800.0
843,가전,영상음향,327100.0
844,화장품,명품화장품,112500.0
845,식품,건강식품,131100.0
846,화장품,남성화장품,49700.0
847,화장품,명품화장품,119700.0
848,의류,아동/주니어의류,41000.0
849,화장품,바디,20500.0
850,식품,수산축산물,25900.0
851,식품,수산축산물,35700.0
852,의류,언더웨어,33400.0
853,의류,유아의류,32900.0
854,생활용품,주방용품,38300.0
855,화장품,남성화장품,50800.0
856,식품,건강식품,135800.0
857,생활용품,생활잡화,25400.0
858,식품,건강식품,132400.0
859,의류,잠옷,67500.0
860,의류,스포츠의류,57000.0
861,의류,잠옷,72500.0
862,가전,영상음향,330900.0
863,화장품,헤어,23900.0
864,식품,과자류,7300.0
865,의류,기타의류,51300.0
866,식품,과자류,14300.0
867,의류,잠옷,71100.0
868,식품,유기농식품,58700.0
869,가전,주방가전,384600.0
870,식품,수산축산물,27500.0
871,식품,건강식품,127100.0
872,의류,기타의류,47600.0
873,의류,로드샵브랜드,47500.0
874,생활용품,세제,32300.0
875,식품,농산물,20400.0
876,의류,스포츠의류,57800.0
877,의류,언더웨어,29100.0
878,의류,기타의류,54200.0
879,의류,여성의류,66200.0
880,가전,영상음향,326200.0
881,가전,주방가전,387100.0
882,가전,영상음향,321100.0
883,의류,스포츠의류,49300.0
884,의류,스포츠의류,51100.0
885,의류,남성의류,99800.0
886,가전,주방가전,385000.0
887,의류,아동/주니어의류,37200.0
888,화장품,남성화장품,53200.0
889,의류,여성의류,61300.0
890,생활용품,화장지,20400.0
891,가전,주방가전,385200.0
892,화장품,선케어,14300.0
893,의류,아동/주니어의류,39300.0
894,화장품,헤어,27200.0
895,가전,휴대폰,797100.0
896,식품,과자류,13600.0
897,의류,기타의류,48000.0
898,생활용품,화장지,20600.0
899,가전,생활가전,197200.0
900,의류,스포츠의류,49900.0
901,생활용품,세제,34000.0
902,가전,영상음향,329400.0
903,식품,과자류,5600.0
904,화장품,명품화장품,120600.0
905,식품,건강식품,134000.0
906,식품,수산축산물,27900.0
907,화장품,클렌징,14400.0
908,화장품,스킨케어,40800.0
909,식품,즉석식품,26100.0
910,의류,로드샵브랜드,46800.0
911,의류,언더웨어,32000.0
912,식품,과자류,14100.0
913,생활용품,생활잡화,35700.0
914,의류,남성의류,98800.0
915,가전,휴대폰,793200.0
916,화장품,스킨케어,45200.0
917,식품,유기농식품,61800.0
918,의류,여성의류,61800.0
919,식품,농산물,20000.0
920,식품,음료,31000.0
921,의류,기타의류,54300.0
922,식품,농산물,18500.0
923,화장품,명품화장품,112300.0
924,생활용품,주방용품,39700.0
925,식품,농산물,14200.0
926,의류,남성의류,97700.0
927,식품,음료,27700.0
928,식품,농산물,14100.0
929,의류,기타의류,49400.0
930,식품,농산물,17600.0
931,화장품,헤어,31500.0
932,식품,음료,35800.0
933,의류,스포츠의류,48800.0
934,생활용품,주방용품,44100.0
935,의류,언더웨어,34100.0
936,식품,수산축산물,33300.0
937,식품,과자류,8000.0
938,의류,로드샵브랜드,42200.0
939,식품,즉석식품,25900.0
940,생활용품,주방용품,42500.0
941,식품,음료,33100.0
942,식품,즉석식품,34800.0
943,생활용품,생활잡화,34000.0
944,화장품,선케어,15900.0
945,의류,빅사이즈의류,63400.0
946,의류,기타의류,54800.0
947,식품,과자류,12500.0
948,의류,아동/주니어의류,47600.0
949,의류,여성의류,56800.0
950,의류,로드샵브랜드,48400.0
951,가전,주방가전,388700.0
952,식품,과자류,8800.0
953,화장품,헤어,26500.0
954,가전,주방가전,388900.0
955,식품,수산축산물,26800.0
956,의류,아동/주니어의류,48300.0
957,의류,기타의류,55800.0
958,생활용품,세제,39100.0
959,생활용품,세제,31200.0
960,생활용품,세제,30400.0
961,의류,잠옷,69500.0
962,식품,유기농식품,65100.0
963,화장품,스킨케어,39400.0
964,화장품,헤어,32900.0
965,식품,농산물,15400.0
966,식품,과자류,15300.0
967,가전,주방가전,384000.0
968,식품,건강식품,125800.0
969,식품,건강식품,128600.0
970,생활용품,세제,35600.0
971,가전,휴대폰,797400.0
972,생활용품,세제,37500.0
973,의류,아동/주니어의류,44100.0
974,의류,로드샵브랜드,48100.0
975,의류,스포츠의류,57300.0
976,의류,언더웨어,31900.0
977,식품,건강식품,126400.0
978,식품,건강식품,133500.0
979,의류,유아의류,36100.0
980,의류,남성의류,90100.0
981,화장품,스킨케어,39100.0
982,가전,주방가전,385400.0
983,생활용품,주방용품,43000.0
984,가전,주방가전,381200.0
985,의류,유아의류,38600.0
986,생활용품,주방용품,42200.0
987,의류,유아의류,39000.0
988,의류,여성의류,61500.0
989,식품,과자류,8600.0
990,생활용품,세제,40000.0
991,식품,농산물,20800.0
992,의류,스포츠의류,55400.0
993,생활용품,세제,37800.0
994,의류,언더웨어,34200.0
995,의류,잠옷,71700.0
996,식품,과자류,12300.0
997,가전,생활가전,198700.0
998,화장품,명품화장품,112700.0
999,의류,언더웨어,30400.0
1000,생활용품,주방용품,42900.0
1001,식품,음료,32800.0
1002,의류,기타의류,48400.0
1003,의류,여성의류,63600.0
1004,화장품,향수,67600.0
1005,의류,유아의류,31700.0
1006,식품,즉석식품,29500.0
1007,가전,주방가전,382800.0
1008,의류,여성의류,64600.0
1009,식품,수산축산물,32600.0
1010,식품,즉석식품,27000.0
1011,의류,언더웨어,31800.0
1012,가전,영상음향,322300.0
1013,가전,휴대폰,804900.0
1014,의류,스포츠의류,55300.0
1015,식품,건강식품,135400.0
1016,식품,농산물,17800.0
1017,가전,영상음향,327800.0
1018,의류,유아의류,41700.0
1019,가전,휴대폰,806200.0
1020,식품,농산물,18000.0
1021,의류,아동/주니어의류,41200.0
1022,의류,여성의류,59800.0
1023,의류,기타의류,50900.0
1024,의류,언더웨어,31000.0
1025,식품,음료,30900.0
1026,생활용품,세제,36800.0
1027,식품,농산물,19700.0
1028,의류,유아의류,36500.0
1029,의류,여성의류,66500.0
1030,가전,주방가전,385300.0
1031,의류,언더웨어,32800.0
1032,의류,남성의류,91000.0
1033,생활용품,세제,37600.0
1034,의류,아동/주니어의류,42000.0
1035,의류,아동/주니어의류,42300.0
1036,의류,기타의류,51900.0
1037,의류,유아의류,33500.0
1038,식품,과자류,14600.0
1039,가전,주방가전,386800.0
1040,의류,스포츠의류,50900.0
1041,생활용품,세제,38900.0
1042,의류,잠옷,73500.0
1043,의류,기타의류,52400.0
1044,식품,즉석식품,30600.0
1045,식품,수산축산물,31800.0
1046,의류,기타의류,48900.0
1047,의류,로드샵브랜드,42900.0
1048,의류,스포츠의류,49100.0
1049,의류,스포츠의류,48100.0
1050,식품,즉석식품,32400.0
1051,식품,음료,25300.0
1052,가전,영상음향,323900.0
1053,화장품,바디,20400.0
1054,의류,잠옷,72400.0
1055,의류,로드샵브랜드,47800.0
1056,식품,음료,25000.0
1057,의류,유아의류,38300.0
1058,화장품,명품화장품,112800.0
1059,의류,빅사이즈의류,64000.0
1060,의류,빅사이즈의류,67900.0
1061,화장품,향수,67800.0
1062,가전,영상음향,330600.0
1063,식품,유기농식품,61100.0
1064,화장품,헤어,31000.0
1065,의류,언더웨어,39600.0
1066,의류,빅사이즈의류,61000.0
1067,의류,아동/주니어의류,41400.0
1068,식품,음료,27200.0
1069,식품,농산물,14000.0
1070,화장품,향수,60900.0
1071,가전,영상음향,326800.0
1072,의류,여성의류,62400.0
1073,식품,수산축산물,35100.0
1074,의류,아동/주니어의류,38500.0
1075,식품,과자류,11900.0
1076,생활용품,생활잡화,27800.0
1077,식품,즉석식품,32200.0
1078,생활용품,생활잡화,33200.0
1079,의류,아동/주니어의류,44400.0
1080,의류,기타의류,56200.0
1081,식품,유기농식품,67300.0
1082,생활용품,생활잡화,30500.0
1083,의류,임부복,62600.0
1084,의류,아동/주니어의류,45900.0
1085,식품,음료,27500.0
1086,생활용품,생활잡화,33000.0
1087,식품,건강식품,135000.0
1088,가전,주방가전,390700.0
1089,의류,스포츠의류,50300.0
1090,의류,스포츠의류,50600.0
1091,의류,잠옷,66900.0
1092,의류,아동/주니어의류,41300.0
1093,화장품,선케어,15800.0
1094,의류,기타의류,53000.0
1095,생활용품,주방용품,43500.0
1096,식품,수산축산물,30500.0
1097,식품,수산축산물,28900.0
1098,가전,주방가전,390600.0
1099,생활용품,화장지,19800.0
1100,의류,아동/주니어의류,47400.0
1101,의류,빅사이즈의류,59000.0
1102,생활용품,세제,33800.0
1103,의류,로드샵브랜드,42300.0
1104,화장품,바디,20100.0
1105,의류,로드샵브랜드,48200.0
1106,의류,남성의류,94800.0
1107,의류,아동/주니어의류,44000.0
1108,화장품,남성화장품,52400.0
1109,의류,스포츠의류,50700.0
1110,화장품,명품화장품,120500.0
1111,의류,아동/주니어의류,48600.0
1112,의류,로드샵브랜드,38300.0
1113,가전,주방가전,384900.0
1114,의류,스포츠의류,57200.0
1115,식품,즉석식품,29300.0
1116,화장품,헤어,30000.0
1117,식품,과자류,10200.0
1118,생활용품,생활잡화,31500.0
1119,의류,남성의류,92700.0
1120,생활용품,세제,35400.0
1121,식품,음료,28100.0
1122,식품,건강식품,135200.0
1123,식품,즉석식품,31100.0
1124,화장품,헤어,31100.0
1125,화장품,명품화장품,116800.0
1126,식품,과자류,5300.0
1127,생활용품,세제,40500.0
1128,가전,주방가전,381100.0
1129,의류,잠옷,73600.0
1130,의류,언더웨어,37300.0
1131,가전,주방가전,384200.0
1132,의류,유아의류,32300.0
1133,의류,기타의류,50500.0
1134,화장품,향수,61900.0
1135,가전,주방가전,388500.0
1136,의류,남성의류,97400.0
1137,가전,주방가전,380900.0
1138,의류,빅사이즈의류,65200.0
1139,의류,남성의류,101000.0
1140,식품,수산축산물,28800.0
1141,의류,스포츠의류,50200.0
1142,식품,음료,27900.0
1143,가전,영상음향,325100.0
1144,의류,로드샵브랜드,47100.0
1145,화장품,향수,68300.0
1146,생활용품,주방용품,39300.0
1147,의류,아동/주니어의류,40600.0
1148,의류,로드샵브랜드,46600.0
1149,화장품,남성화장품,56300.0
1150,의류,아동/주니어의류,48400.0
1151,의류,스포츠의류,54800.0
1152,식품,건강식품,126200.0
1153,식품,농산물,18800.0
1154,의류,남성의류,93300.0
1155,식품,건강식품,132900.0
1156,식품,과자류,11400.0
1157,가전,주방가전,385500.0
1158,의류,아동/주니어의류,48500.0
1159,식품,간식,26400.0
1160,가전,영상음향,326100.0
1161,식품,간식,25800.0
1162,의류,기타의류,54900.0
1163,의류,잠옷,70100.0
1164,화장품,스킨케어,39800.0
1165,의류,기타의류,53600.0
1166,식품,즉석식품,31800.0
1167,의류,기타의류,55900.0
1168,식품,음료,26800.0
1169,가전,주방가전,380700.0
1170,식품,즉석식품,26300.0
1171,의류,잠옷,74900.0
1172,식품,건강식품,130700.0
1173,의류,남성의류,94300.0
1174,의류,여성의류,64400.0
1175,화장품,스킨케어,44500.0
1176,가전,영상음향,328500.0
1177,식품,가공식품,27700.0
1178,의류,스포츠의류,54400.0
1179,식품,음료,27600.0
1180,의류,잠옷,69400.0
1181,의류,여성의류,67300.0
1182,화장품,선케어,14900.0
1183,의류,유아의류,41900.0
1184,생활용품,세제,40700.0
1185,생활용품,세제,36300.0
1186,식품,수산축산물,35800.0
1187,식품,음료,32500.0
1188,화장품,헤어,31700.0
1189,의류,언더웨어,39000.0
1190,의류,유아의류,39700.0
1191,화장품,남성화장품,51900.0
1192,가전,휴대폰,792300.0
1193,의류,아동/주니어의류,42800.0
1194,식품,농산물,12400.0
1195,의류,남성의류,91300.0
1196,의류,빅사이즈의류,65800.0
1197,생활용품,주방용품,41300.0
1198,식품,음료,27400.0
1199,생활용품,생활잡화,28600.0
1200,의류,잠옷,70800.0
1201,의류,잠옷,69800.0
1202,의류,아동/주니어의류,35900.0
1203,화장품,스킨케어,41700.0
1204,의류,여성의류,60100.0
1205,식품,건강식품,131400.0
1206,의류,남성의류,90400.0
1207,의류,유아의류,38500.0
1208,의류,유아의류,40000.0
1209,의류,아동/주니어의류,38800.0
1210,의류,아동/주니어의류,43700.0
1211,의류,아동/주니어의류,48000.0
1212,식품,건강식품,125600.0
1213,생활용품,주방용품,35400.0
1214,생활용품,세제,38500.0
1215,생활용품,주방용품,41000.0
1216,의류,여성의류,57500.0
1217,식품,가공식품,26000.0
1218,의류,로드샵브랜드,37800.0
1219,식품,즉석식품,33200.0
1220,식품,수산축산물,29800.0
1221,식품,건강식품,126100.0
1222,화장품,메이크업,63100.0
1223,화장품,명품화장품,110400.0
1224,의류,기타의류,49800.0
1225,의류,유아의류,32700.0
1226,식품,과자류,8500.0
1227,가전,주방가전,388200.0
1228,식품,수산축산물,29500.0
1229,가전,휴대폰,798600.0
1230,식품,음료,29000.0
1231,식품,건강식품,125500.0
1232,식품,즉석식품,30300.0
1233,의류,로드샵브랜드,41200.0
1234,의류,기타의류,51500.0
1235,의류,남성의류,98900.0
1236,식품,농산물,21000.0
1237,가전,휴대폰,799100.0
1238,생활용품,생활잡화,27400.0
1239,의류,로드샵브랜드,41500.0
1240,생활용품,세제,38600.0
1241,의류,남성의류,99000.0
1242,의류,아동/주니어의류,48200.0
1243,의류,남성의류,90200.0
1244,의류,스포츠의류,53100.0
1245,의류,잠옷,67900.0
1246,화장품,선케어,14600.0
1247,의류,아동/주니어의류,45400.0
1248,식품,음료,28700.0
1249,식품,음료,35100.0
1250,가전,휴대폰,799800.0
1251,생활용품,주방용품,34100.0
1252,식품,건강식품,128500.0
1253,의류,아동/주니어의류,46500.0
1254,의류,잠옷,67600.0
1255,의류,아동/주니어의류,40500.0
1256,의류,남성의류,96300.0
1257,식품,농산물,18200.0
1258,화장품,헤어,30800.0
1259,생활용품,생활잡화,32200.0
1260,식품,과자류,9000.0
1261,화장품,명품화장품,117800.0
1262,의류,남성의류,92800.0
1263,식품,음료,30100.0
1264,식품,농산물,21400.0
1265,의류,아동/주니어의류,43400.0
1266,의류,유아의류,36900.0
1267,의류,남성의류,92200.0
1268,화장품,향수,60800.0
1269,의류,잠옷,69300.0
1270,의류,잠옷,70200.0
1271,식품,과자류,6300.0
1272,의류,남성의류,98700.0
1273,생활용품,세제,30700.0
1274,가전,영상음향,321300.0
1275,의류,빅사이즈의류,60400.0
1276,의류,기타의류,53700.0
1277,식품,음료,35500.0
1278,식품,수산축산물,25400.0
1279,생활용품,화장지,22200.0
1280,생활용품,주방용품,39600.0
1281,식품,음료,29600.0
1282,식품,건강식품,131300.0
1283,의류,잠옷,75500.0
1284,의류,로드샵브랜드,43900.0
1285,의류,로드샵브랜드,39900.0
1286,식품,농산물,14700.0
1287,가전,휴대폰,807300.0
1288,의류,로드샵브랜드,45200.0
1289,생활용품,주방용품,40300.0
1290,식품,건강식품,126800.0
1291,가전,휴대폰,791000.0
1292,가전,휴대폰,793500.0
1293,의류,여성의류,56400.0
1294,식품,음료,29500.0
1295,식품,유기농식품,59600.0
1296,의류,기타의류,53200.0
1297,의류,유아의류,31500.0
1298,식품,음료,34200.0
1299,의류,로드샵브랜드,47000.0
1300,식품,음료,25500.0
1301,의류,잠옷,73900.0
1302,의류,로드샵브랜드,47200.0
1303,식품,농산물,12700.0
1304,식품,농산물,22800.0
1305,화장품,명품화장품,119200.0
1306,화장품,스킨케어,38900.0
1307,가전,휴대폰,802000.0
1308,가전,휴대폰,801800.0
1309,식품,간식,26000.0
1310,의류,기타의류,56500.0
1311,의류,유아의류,32400.0
1312,생활용품,세제,32800.0
1313,식품,과자류,11700.0
1314,의류,아동/주니어의류,45000.0
1315,화장품,클렌징,14600.0
1316,의류,기타의류,49000.0
1317,의류,남성의류,89900.0
1318,의류,잠옷,66500.0
1319,의류,스포츠의류,46900.0
1320,식품,즉석식품,25800.0
1321,식품,건강식품,127600.0
1322,의류,남성의류,94900.0
1323,생활용품,세제,33700.0
1324,식품,수산축산물,29200.0
1325,의류,아동/주니어의류,39800.0
1326,가전,휴대폰,798800.0
1327,의류,아동/주니어의류,37500.0
1328,의류,언더웨어,35600.0
1329,식품,건강식품,127900.0
1330,식품,즉석식품,35200.0
1331,식품,농산물,14900.0
1332,의류,잠옷,74000.0
1333,식품,과자류,6800.0
1334,생활용품,주방용품,39100.0
1335,가전,생활가전,205600.0
1336,식품,농산물,16900.0
1337,의류,유아의류,39500.0
1338,식품,가공식품,27100.0
1339,생활용품,생활잡화,32400.0
1340,의류,언더웨어,35100.0
1341,의류,기타의류,53900.0
1342,식품,즉석식품,33100.0
1343,의류,남성의류,97200.0
1344,의류,기타의류,55300.0
1345,의류,아동/주니어의류,42900.0
1346,가전,생활가전,204300.0
1347,식품,과자류,8300.0
1348,의류,유아의류,37900.0
1349,의류,아동/주니어의류,37600.0
1350,식품,음료,34100.0
1351,의류,빅사이즈의류,66400.0
1352,식품,건강식품,130500.0
1353,식품,수입식품,29300.0
1354,의류,여성의류,64100.0
1355,의류,남성의류,100400.0
1356,의류,스포츠의류,49200.0
1357,식품,음료,31200.0
1358,가전,주방가전,385600.0
1359,가전,주방가전,382400.0
1360,가전,휴대폰,806400.0
1361,생활용품,세제,36700.0
1362,생활용품,세제,37200.0
1363,화장품,남성화장품,54500.0
1364,식품,즉석식품,30400.0
1365,의류,기타의류,48700.0
1366,화장품,스킨케어,43000.0
1367,의류,기타의류,56300.0
1368,의류,유아의류,39300.0
1369,식품,건강식품,135600.0
1370,식품,건강식품,128900.0
1371,식품,건강식품,126300.0
1372,생활용품,세제,31000.0
1373,가전,휴대폰,793900.0
1374,화장품,클렌징,16700.0
1375,의류,로드샵브랜드,47700.0
1376,가전,주방가전,382200.0
1377,의류,로드샵브랜드,45000.0
1378,의류,아동/주니어의류,43800.0
1379,식품,수산축산물,28400.0
1380,화장품,명품화장품,115500.0
1381,화장품,헤어,27400.0
1382,식품,과자류,9600.0
1383,의류,유아의류,34900.0
1384,식품,유기농식품,66600.0
1385,의류,임부복,63900.0
1386,의류,여성의류,57400.0
1387,생활용품,생활잡화,27600.0
1388,의류,남성의류,100700.0
1389,생활용품,세제,33600.0
1390,의류,로드샵브랜드,45600.0
1391,의류,임부복,61300.0
1392,가전,영상음향,328700.0
1393,식품,농산물,19100.0
1394,식품,건강식품,130100.0
1395,의류,잠옷,74300.0
1396,식품,음료,30300.0
1397,의류,임부복,56800.0
1398,식품,수산축산물,28600.0
1399,생활용품,주방용품,38800.0
1400,화장품,클렌징,15800.0
1401,의류,로드샵브랜드,42000.0
1402,의류,아동/주니어의류,36400.0
1403,의류,빅사이즈의류,66600.0
1404,화장품,헤어,25100.0
1405,화장품,바디,21500.0
1406,식품,과자류,15400.0
1407,식품,즉석식품,30800.0
1408,의류,남성의류,100600.0
1409,의류,유아의류,34600.0
1410,식품,즉석식품,33900.0
1411,의류,유아의류,42000.0
1412,의류,임부복,56100.0
1413,의류,아동/주니어의류,43100.0
1414,의류,스포츠의류,50500.0
1415,의류,언더웨어,33100.0
1416,의류,임부복,58900.0
1417,화장품,향수,62600.0
1418,의류,남성의류,95700.0
1419,식품,농산물,21300.0
1420,의류,로드샵브랜드,38100.0
1421,식품,과자류,13400.0
1422,가전,주방가전,383800.0
1423,가전,주방가전,388300.0
1424,의류,아동/주니어의류,43300.0
1425,의류,빅사이즈의류,62900.0
1426,식품,건강식품,126700.0
1427,식품,간식,25300.0
1428,의류,유아의류,41000.0
1429,화장품,헤어,28200.0
1430,식품,농산물,19300.0
1431,생활용품,화장지,20200.0
1432,화장품,명품화장품,115700.0
1433,의류,잠옷,71200.0
1434,의류,기타의류,54700.0
1435,가전,휴대폰,809400.0
1436,의류,아동/주니어의류,46800.0
1437,화장품,명품화장품,115600.0
1438,화장품,향수,64200.0
1439,가전,영상음향,323000.0
1440,가전,생활가전,204000.0
1441,의류,남성의류,98100.0
1442,의류,여성의류,61900.0
1443,의류,아동/주니어의류,44300.0
1444,식품,수산축산물,32900.0
1445,생활용품,생활잡화,32800.0
1446,식품,과자류,10900.0
1447,의류,유아의류,40700.0
1448,식품,음료,31300.0
1449,의류,잠옷,74800.0
1450,생활용품,생활잡화,28000.0
1451,의류,여성의류,56700.0
1452,의류,유아의류,35700.0
1453,화장품,스킨케어,40700.0
1454,의류,잠옷,68700.0
1455,식품,수산축산물,29900.0
1456,가전,주방가전,380200.0
1457,화장품,클렌징,15900.0
1458,가전,휴대폰,802500.0
1459,화장품,명품화장품,114200.0
1460,식품,농산물,19600.0
1461,의류,아동/주니어의류,46300.0
1462,의류,언더웨어,30000.0
1463,의류,남성의류,98400.0
1464,의류,기타의류,52900.0
1465,식품,즉석식품,26700.0
1466,식품,수산축산물,28500.0
1467,식품,음료,28300.0
1468,의류,스포츠의류,47100.0
1469,가전,영상음향,328400.0
1470,의류,여성의류,58200.0
1471,생활용품,세제,39900.0
1472,가전,휴대폰,793800.0
1473,식품,건강식품,132000.0
1474,의류,기타의류,53100.0
1475,의류,스포츠의류,51800.0
1476,생활용품,세제,35500.0
1477,의류,잠옷,66800.0
1478,의류,남성의류,95900.0
1479,식품,음료,27800.0
1480,생활용품,생활잡화,26100.0
1481,화장품,바디,20800.0
1482,식품,건강식품,129900.0
1483,식품,음료,26400.0
1484,식품,음료,33900.0
1485,의류,언더웨어,37400.0
1486,식품,즉석식품,31200.0
1487,생활용품,생활잡화,33400.0
1488,식품,건강식품,133700.0
1489,식품,수산축산물,31600.0
1490,식품,수산축산물,25200.0
1491,의류,스포츠의류,51600.0
1492,식품,과자류,10500.0
1493,식품,음료,30200.0
1494,생활용품,주방용품,33800.0
1495,식품,농산물,20300.0
1496,식품,음료,34500.0
1497,의류,스포츠의류,53700.0
1498,의류,남성의류,97000.0
1499,의류,유아의류,38800.0
1500,의류,잠옷,67700.0
1501,화장품,남성화장품,49200.0
1502,의류,남성의류,90800.0
1503,의류,아동/주니어의류,45300.0
1504,의류,여성의류,60700.0
1505,식품,건강식품,127800.0
1506,의류,기타의류,53400.0
1507,가전,주방가전,387500.0
1508,의류,기타의류,56100.0
1509,의류,유아의류,34500.0
1510,가전,주방가전,383000.0
1511,화장품,명품화장품,117000.0
1512,의류,잠옷,68400.0
1513,의류,로드샵브랜드,44100.0
1514,생활용품,세제,34800.0
1515,화장품,명품화장품,120300.0
1516,의류,아동/주니어의류,42200.0
1517,의류,로드샵브랜드,41600.0
1518,가전,주방가전,382300.0
1519,식품,건강식품,131800.0
1520,화장품,명품화장품,112000.0
1521,의류,아동/주니어의류,39200.0
1522,의류,기타의류,47100.0
1523,의류,잠옷,75700.0
1524,의류,유아의류,40200.0
1525,식품,가공식품,27600.0
1526,의류,여성의류,65500.0
1527,생활용품,생활잡화,30000.0
1528,화장품,스킨케어,37200.0
1529,식품,건강식품,134600.0
1530,생활용품,생활잡화,26300.0
1531,식품,음료,33000.0
1532,가전,주방가전,381000.0
1533,의류,스포츠의류,46800.0
1534,화장품,명품화장품,115200.0
1535,식품,수산축산물,27600.0
1536,생활용품,생활잡화,27200.0
1537,생활용품,생활잡화,29900.0
1538,의류,스포츠의류,50100.0
1539,의류,빅사이즈의류,64500.0
1540,화장품,남성화장품,47600.0
1541,가전,휴대폰,793000.0
1542,식품,농산물,14600.0
1543,식품,유기농식품,67100.0
1544,식품,농산물,16700.0
1545,화장품,명품화장품,113600.0
1546,식품,유기농식품,65500.0
1547,가전,영상음향,325700.0
1548,의류,아동/주니어의류,40100.0
1549,식품,음료,30000.0
1550,식품,즉석식품,33800.0
1551,의류,잠옷,70000.0
1552,화장품,바디,21000.0
1553,식품,유기농식품,58900.0
1554,의류,유아의류,42500.0
1555,의류,스포츠의류,52400.0
1556,생활용품,주방용품,43300.0
1557,생활용품,세제,32200.0
1558,식품,가공식품,26100.0
1559,의류,여성의류,60300.0
1560,의류,로드샵브랜드,45900.0
1561,의류,아동/주니어의류,45500.0
1562,가전,휴대폰,799200.0
1563,생활용품,세제,37700.0
1564,화장품,명품화장품,113000.0
1565,의류,남성의류,93600.0
1566,식품,건강식품,135300.0
1567,식품,수산축산물,27100.0
1568,의류,남성의류,94400.0
1569,식품,과자류,5800.0
1570,가전,휴대폰,796800.0
1571,식품,수산축산물,31700.0
1572,식품,수산축산물,33100.0
1573,화장품,명품화장품,117400.0
1574,생활용품,세제,39200.0
1575,의류,언더웨어,37000.0
1576,생활용품,세제,30300.0
1577,식품,유기농식품,63400.0
1578,식품,농산물,15700.0
1579,의류,남성의류,94200.0
1580,가전,휴대폰,804500.0
1581,가전,주방가전,388100.0
1582,가전,휴대폰,794300.0
1583,식품,과자류,8100.0
1584,식품,가공식품,27200.0
1585,의류,언더웨어,36400.0
1586,의류,잠옷,66700.0
1587,식품,건강식품,125700.0
1588,가전,주방가전,383500.0
1589,가전,영상음향,329700.0
1590,식품,과자류,9900.0
1591,의류,로드샵브랜드,43400.0
1592,생활용품,세제,31100.0
1593,생활용품,화장지,21500.0
1594,의류,아동/주니어의류,37000.0
1595,가전,영상음향,331100.0
1596,식품,수산축산물,29700.0
1597,의류,스포츠의류,50000.0
1598,식품,수산축산물,35600.0
1599,식품,수산축산물,34400.0
1600,의류,남성의류,100800.0
1601,의류,잠옷,72900.0
1602,식품,과자류,9300.0
1603,생활용품,화장지,20300.0
1604,식품,농산물,18600.0
1605,식품,농산물,15800.0
1606,가전,휴대폰,805200.0
1607,의류,로드샵브랜드,38600.0
1608,식품,농산물,15200.0
1609,화장품,명품화장품,119300.0
1610,가전,주방가전,387300.0
1611,가전,휴대폰,798300.0
1612,식품,음료,33300.0
1613,의류,빅사이즈의류,60000.0
1614,식품,건강식품,129100.0
1615,의류,여성의류,61100.0
1616,의류,여성의류,65700.0
1617,의류,빅사이즈의류,59100.0
1618,식품,즉석식품,28800.0
1619,의류,스포츠의류,52100.0
1620,생활용품,생활잡화,31200.0
1621,의류,로드샵브랜드,43500.0
1622,생활용품,세제,40100.0
1623,의류,빅사이즈의류,61600.0
1624,화장품,명품화장품,116000.0
1625,의류,유아의류,40300.0
1626,생활용품,생활잡화,34100.0
1627,생활용품,세제,33400.0
1628,가전,영상음향,329000.0
1629,식품,농산물,17400.0
1630,의류,유아의류,31800.0
1631,의류,로드샵브랜드,46400.0
1632,의류,잠옷,73800.0
1633,화장품,스킨케어,41400.0
1634,의류,유아의류,33800.0
1635,의류,아동/주니어의류,47000.0
1636,식품,수산축산물,33500.0
1637,식품,유기농식품,68400.0
1638,식품,농산물,16200.0
1639,의류,유아의류,35500.0
1640,의류,임부복,57000.0
1641,의류,유아의류,36200.0
1642,의류,임부복,61100.0
1643,의류,임부복,54900.0
1644,의류,여성의류,66400.0
1645,식품,건강식품,131600.0
1646,의류,남성의류,90700.0
1647,화장품,명품화장품,113300.0
1648,화장품,명품화장품,117600.0
1649,의류,남성의류,96800.0
1650,의류,남성의류,92000.0
1651,가전,영상음향,325900.0
1652,식품,음료,32300.0
1653,의류,남성의류,91100.0
1654,화장품,스킨케어,42200.0
1655,의류,로드샵브랜드,42400.0
1656,가전,영상음향,325500.0
1657,의류,기타의류,46800.0
1658,의류,아동/주니어의류,36100.0
1659,의류,언더웨어,38200.0
1660,식품,건강식품,132100.0
1661,의류,임부복,56000.0
1662,화장품,명품화장품,111000.0
1663,가전,주방가전,389700.0
1664,가전,주방가전,382100.0
1665,가전,영상음향,329300.0
1666,식품,음료,28800.0
1667,식품,음료,31500.0
1668,화장품,남성화장품,49800.0
1669,식품,수산축산물,27700.0
1670,식품,즉석식품,27500.0
1671,생활용품,세제,34600.0
1672,식품,수산축산물,29100.0
1673,식품,농산물,14400.0
1674,생활용품,생활잡화,26000.0
1675,생활용품,세제,38200.0
1676,의류,남성의류,97900.0
1677,가전,영상음향,328000.0
1678,의류,언더웨어,38600.0
1679,식품,건강식품,129700.0
1680,생활용품,세제,32400.0
1681,의류,남성의류,91500.0
1682,의류,기타의류,51100.0
1683,의류,여성의류,62100.0
1684,의류,기타의류,54500.0
1685,식품,음료,35700.0
1686,화장품,스킨케어,35900.0
1687,의류,아동/주니어의류,39900.0
1688,의류,기타의류,56900.0
1689,가전,주방가전,382000.0
1690,생활용품,화장지,20900.0
1691,식품,농산물,18100.0
1692,화장품,향수,66000.0
1693,생활용품,생활잡화,26700.0
1694,의류,임부복,53300.0
1695,식품,농산물,20700.0
1696,의류,여성의류,63900.0
1697,화장품,남성화장품,48300.0
1698,식품,수산축산물,28200.0
1699,식품,가공식품,27400.0
1700,생활용품,주방용품,41700.0
1701,의류,로드샵브랜드,43700.0
1702,의류,남성캐쥬얼,57700.0
1703,의류,스포츠의류,56500.0
1704,화장품,선케어,16100.0
1705,의류,잠옷,72200.0
1706,의류,아동/주니어의류,36900.0
1707,화장품,명품화장품,117200.0
1708,의류,남성의류,92500.0
1709,의류,기타의류,50700.0
1710,의류,언더웨어,33000.0
1711,화장품,바디,21700.0
1712,가전,주방가전,381500.0
1713,생활용품,생활잡화,31700.0
1714,의류,로드샵브랜드,45100.0
1715,생활용품,생활잡화,27700.0
1716,가전,생활가전,199200.0
1717,화장품,명품화장품,114500.0
1718,식품,수산축산물,29300.0
1719,의류,잠옷,66400.0
1720,식품,과자류,9500.0
1721,의류,남성의류,93800.0
1722,가전,주방가전,382700.0
1723,화장품,명품화장품,116400.0
1724,생활용품,세제,30900.0
1725,의류,스포츠의류,56300.0
1726,생활용품,생활잡화,26400.0
1727,식품,가공식품,27800.0
1728,화장품,명품화장품,120700.0
1729,의류,잠옷,72800.0
1730,의류,아동/주니어의류,37800.0
1731,생활용품,생활잡화,33500.0
1732,의류,기타의류,47300.0
1733,식품,건강식품,131500.0
1734,의류,남성의류,94100.0
1735,식품,음료,33800.0
1736,의류,잠옷,67200.0
1737,의류,여성의류,58400.0
1738,화장품,향수,68000.0
1739,의류,여성의류,63700.0
1740,식품,과자류,6000.0
1741,생활용품,세제,34900.0
1742,생활용품,세제,31900.0
1743,의류,아동/주니어의류,43500.0
1744,의류,로드샵브랜드,37700.0
1745,생활용품,세제,35300.0
1746,의류,아동/주니어의류,44900.0
1747,의류,기타의류,50300.0
1748,의류,유아의류,41400.0
1749,식품,수산축산물,34500.0
1750,의류,임부복,59300.0
1751,식품,즉석식품,28900.0
1752,식품,수입식품,28900.0
1753,의류,여성의류,65900.0
1754,의류,아동/주니어의류,43600.0
1755,식품,과자류,11100.0
1756,의류,남성의류,89600.0
1757,의류,유아의류,42300.0
1758,의류,잠옷,66300.0
1759,가전,주방가전,390800.0
1760,의류,기타의류,56700.0
1761,의류,기타의류,55400.0
1762,의류,빅사이즈의류,65100.0
1763,화장품,남성화장품,49100.0
1764,가전,영상음향,322800.0
1765,식품,건강식품,132500.0
1766,식품,과자류,9400.0
1767,식품,수산축산물,33900.0
1768,의류,빅사이즈의류,66100.0
1769,의류,잠옷,66200.0
1770,화장품,남성화장품,47800.0
1771,식품,건강식품,129000.0
1772,식품,과자류,5000.0
1773,의류,잠옷,72600.0
1774,식품,음료,34300.0
1775,화장품,바디,21100.0
1776,의류,로드샵브랜드,40400.0
1777,의류,로드샵브랜드,48000.0
1778,식품,즉석식품,25400.0
1779,의류,유아의류,38100.0
1780,식품,건강식품,131700.0
1781,가전,주방가전,385900.0
1782,의류,스포츠의류,57400.0
1783,식품,수산축산물,26200.0
1784,생활용품,생활잡화,29300.0
1785,화장품,헤어,29600.0
1786,의류,기타의류,51800.0
1787,의류,빅사이즈의류,63800.0
1788,식품,음료,28000.0
1789,의류,스포츠의류,54500.0
1790,의류,여성의류,60500.0
1791,의류,빅사이즈의류,67300.0
1792,의류,빅사이즈의류,61700.0
1793,의류,유아의류,39600.0
1794,생활용품,생활잡화,26800.0
1795,의류,기타의류,56800.0
1796,가전,영상음향,321000.0
1797,가전,주방가전,390100.0
1798,의류,임부복,60500.0
1799,의류,언더웨어,38000.0
1800,화장품,헤어,27000.0
1801,식품,과자류,6200.0
1802,의류,잠옷,72300.0
1803,식품,수산축산물,30200.0
1804,의류,스포츠의류,56900.0
1805,식품,음료,32600.0
1806,생활용품,세제,36500.0
1807,화장품,헤어,25300.0
1808,의류,스포츠의류,48300.0
1809,식품,유기농식품,64300.0
1810,가전,영상음향,328800.0
1811,의류,남성의류,89200.0
1812,의류,잠옷,73300.0
1813,식품,과자류,13200.0
1814,의류,빅사이즈의류,60900.0
1815,의류,로드샵브랜드,41400.0
1816,의류,기타의류,50400.0
1817,식품,과자류,9800.0
1818,식품,농산물,21600.0
1819,식품,음료,28200.0
1820,생활용품,생활잡화,35000.0
1821,생활용품,세제,36100.0
1822,식품,즉석식품,31300.0
1823,의류,남성의류,93900.0
1824,생활용품,생활잡화,35200.0
1825,가전,휴대폰,795900.0
1826,의류,아동/주니어의류,39000.0
1827,의류,유아의류,37000.0
1828,식품,과자류,11500.0
1829,의류,빅사이즈의류,62600.0
1830,생활용품,생활잡화,33600.0
1831,의류,언더웨어,36300.0
1832,의류,여성의류,66000.0
1833,식품,농산물,15900.0
1834,식품,과자류,11200.0
1835,의류,유아의류,39200.0
1836,가전,휴대폰,807900.0
1837,의류,로드샵브랜드,38700.0
1838,식품,건강식품,133600.0
1839,생활용품,세제,34100.0
1840,식품,건강식품,134200.0
1841,의류,아동/주니어의류,42100.0
1842,식품,수산축산물,26000.0
1843,의류,임부복,59200.0
1844,화장품,선케어,15500.0
1845,가전,휴대폰,800900.0
1846,의류,임부복,55400.0
1847,식품,수산축산물,26600.0
1848,의류,로드샵브랜드,39100.0
1849,의류,스포츠의류,57500.0
1850,의류,기타의류,49700.0
1851,의류,스포츠의류,49000.0
1852,식품,수산축산물,30900.0
1853,가전,영상음향,324700.0
1854,의류,로드샵브랜드,44000.0
1855,화장품,헤어,23400.0
1856,의류,유아의류,37200.0
1857,식품,농산물,13100.0
1858,화장품,명품화장품,118200.0
1859,의류,잠옷,71900.0
1860,가전,휴대폰,792200.0
1861,의류,유아의류,37800.0
1862,식품,농산물,13600.0
1863,의류,아동/주니어의류,37400.0
1864,생활용품,생활잡화,25800.0
1865,식품,농산물,12200.0
1866,의류,스포츠의류,51400.0
1867,식품,건강식품,126900.0
1868,가전,휴대폰,799400.0
1869,생활용품,생활잡화,32100.0
1870,의류,잠옷,72000.0
1871,생활용품,세제,38700.0
1872,화장품,클렌징,15600.0
1873,의류,기타의류,51700.0
1874,식품,농산물,12900.0
1875,의류,스포츠의류,47800.0
1876,식품,건강식품,135700.0
1877,의류,스포츠의류,51900.0
1878,식품,농산물,21200.0
1879,화장품,향수,62400.0
1880,식품,농산물,16100.0
1881,식품,과자류,7200.0
1882,의류,기타의류,48100.0
1883,화장품,헤어,32000.0
1884,의류,아동/주니어의류,40000.0
1885,의류,빅사이즈의류,66300.0
1886,식품,수입식품,29700.0
1887,식품,간식,26700.0
1888,의류,언더웨어,39200.0
1889,의류,빅사이즈의류,65500.0
1890,식품,건강식품,128800.0
1891,화장품,명품화장품,121200.0
1892,의류,남성의류,94600.0
1893,식품,건강식품,128100.0
1894,식품,과자류,8700.0
1895,가전,영상음향,330100.0
1896,화장품,헤어,29300.0
1897,화장품,명품화장품,119800.0
1898,화장품,스킨케어,43300.0
1899,식품,수산축산물,34800.0
1900,의류,여성의류,65100.0
1901,식품,농산물,14800.0
1902,의류,남성의류,100300.0
1903,의류,유아의류,32200.0
1904,의류,잠옷,67100.0
1905,의류,남성의류,94500.0
1906,가전,주방가전,386700.0
1907,생활용품,세제,34500.0
1908,의류,잠옷,68600.0
1909,식품,수산축산물,30800.0
1910,의류,아동/주니어의류,45700.0
1911,식품,과자류,13800.0
1912,의류,스포츠의류,46700.0
1913,의류,여성의류,63300.0
1914,의류,로드샵브랜드,46000.0
1915,의류,잠옷,74200.0
1916,화장품,선케어,14000.0
1917,식품,수산축산물,32700.0
1918,생활용품,세제,37100.0
1919,가전,영상음향,328100.0
1920,의류,언더웨어,31500.0
1921,의류,임부복,57600.0
1922,의류,스포츠의류,49800.0
1923,식품,농산물,19400.0
1924,의류,아동/주니어의류,47800.0
1925,화장품,명품화장품,114300.0
1926,식품,음료,33200.0
1927,화장품,향수,59200.0
1928,의류,아동/주니어의류,39600.0
1929,식품,농산물,15600.0
1930,의류,스포츠의류,55700.0
1931,의류,빅사이즈의류,68200.0
1932,의류,스포츠의류,57900.0
1933,식품,건강식품,134300.0
1934,화장품,명품화장품,121100.0
1935,화장품,헤어,32300.0
1936,의류,기타의류,49500.0
1937,화장품,스킨케어,43800.0
1938,화장품,향수,67500.0
1939,의류,여성의류,58000.0
1940,생활용품,주방용품,44000.0
1941,의류,기타의류,55500.0
1942,생활용품,생활잡화,28700.0
1943,의류,기타의류,53500.0
1944,의류,유아의류,37500.0
1945,가전,휴대폰,804200.0
1946,생활용품,생활잡화,34200.0
1947,화장품,스킨케어,35600.0
1948,의류,로드샵브랜드,45500.0
1949,의류,로드샵브랜드,39400.0
1950,식품,유기농식품,64600.0
1951,생활용품,주방용품,38500.0
1952,의류,아동/주니어의류,43000.0
1953,의류,아동/주니어의류,39700.0
1954,화장품,바디,21300.0
1955,가전,영상음향,329600.0
1956,의류,남성의류,92300.0
1957,의류,여성의류,62700.0
1958,식품,음료,33400.0
1959,식품,수산축산물,34200.0
1960,의류,기타의류,52200.0
1961,의류,스포츠의류,48600.0
1962,화장품,스킨케어,44000.0
1963,의류,유아의류,41500.0
1964,의류,여성의류,57600.0
1965,가전,주방가전,382600.0
1966,식품,과자류,11000.0
1967,의류,언더웨어,32700.0
1968,가전,휴대폰,798900.0
1969,의류,기타의류,52700.0
1970,화장품,남성화장품,51400.0
1971,생활용품,생활잡화,28900.0
1972,가전,영상음향,323600.0
1973,의류,잠옷,68100.0
1974,의류,잠옷,70900.0
1975,의류,스포츠의류,53300.0
1976,의류,빅사이즈의류,68000.0
1977,의류,남성의류,91400.0
1978,의류,언더웨어,31600.0
1979,화장품,남성화장품,51200.0
1980,식품,농산물,22300.0
1981,식품,수산축산물,31500.0
1982,의류,기타의류,56400.0
1983,의류,남성의류,100500.0
1984,의류,유아의류,35100.0
1985,의류,스포츠의류,52000.0
1986,가전,휴대폰,805100.0
1987,의류,스포츠의류,54600.0
1988,의류,빅사이즈의류,59600.0
1989,식품,음료,27000.0
1990,의류,기타의류,46600.0
1991,식품,농산물,14300.0
1992,화장품,명품화장품,110300.0
1993,의류,아동/주니어의류,38200.0
1994,식품,음료,33600.0
1995,식품,수산축산물,32300.0
1996,의류,잠옷,73100.0
1997,의류,여성의류,65400.0
1998,화장품,클렌징,16100.0
1999,생활용품,주방용품,34800.0
2000,가전,휴대폰,797500.0
2001,의류,빅사이즈의류,66000.0
2002,의류,언더웨어,38500.0
2003,화장품,남성화장품,52000.0
2004,식품,농산물,19000.0
2005,식품,음료,31700.0
2006,의류,로드샵브랜드,42800.0
2007,의류,잠옷,70300.0
2008,생활용품,세제,32000.0
2009,식품,수산축산물,27000.0
2010,화장품,명품화장품,114600.0
2011,의류,잠옷,65400.0
2012,의류,남성의류,100000.0
2013,식품,간식,25400.0
2014,의류,스포츠의류,55200.0
2015,의류,언더웨어,32600.0
2016,의류,스포츠의류,56700.0
2017,의류,로드샵브랜드,40900.0
2018,화장품,헤어,33400.0
2019,의류,잠옷,71400.0
2020,화장품,명품화장품,111900.0
2021,가전,주방가전,388400.0
2022,의류,아동/주니어의류,41900.0
2023,의류,빅사이즈의류,64100.0
2024,생활용품,주방용품,36700.0
2025,화장품,헤어,27900.0
2026,생활용품,세제,32900.0
2027,화장품,클렌징,16200.0
2028,의류,스포츠의류,47000.0
2029,화장품,명품화장품,115900.0
2030,화장품,명품화장품,113900.0
2031,식품,건강식품,131000.0
2032,의류,기타의류,54100.0
2033,가전,휴대폰,791100.0
2034,의류,로드샵브랜드,46100.0
2035,생활용품,주방용품,34400.0
2036,화장품,바디,20200.0
2037,의류,유아의류,41800.0
2038,생활용품,생활잡화,31300.0
2039,의류,로드샵브랜드,44800.0
2040,의류,스포츠의류,55600.0
2041,가전,주방가전,389800.0
2042,생활용품,세제,33200.0
2043,의류,언더웨어,35200.0
2044,생활용품,생활잡화,28100.0
2045,의류,유아의류,38400.0
2046,식품,건강식품,132200.0
2047,의류,스포츠의류,57100.0
2048,식품,가공식품,27500.0
2049,식품,음료,35400.0
2050,가전,주방가전,384500.0
2051,가전,영상음향,326900.0
2052,의류,유아의류,32100.0
2053,의류,아동/주니어의류,46700.0
2054,화장품,향수,63200.0
2055,의류,아동/주니어의류,38900.0
2056,의류,여성의류,57100.0
2057,의류,로드샵브랜드,43300.0
2058,의류,유아의류,32000.0
2059,화장품,헤어,24800.0
2060,가전,주방가전,387200.0
2061,의류,스포츠의류,53400.0
2062,의류,스포츠의류,56800.0
2063,식품,농산물,22500.0
2064,화장품,명품화장품,117500.0
2065,식품,가공식품,27300.0
2066,생활용품,화장지,21900.0
2067,가전,영상음향,331300.0
2068,가전,주방가전,383300.0
2069,생활용품,생활잡화,31600.0
2070,식품,수입식품,28500.0
2071,화장품,향수,62100.0
2072,가전,휴대폰,806800.0
2073,의류,여성의류,62200.0
2074,화장품,선케어,15200.0
2075,의류,기타의류,50200.0
2076,식품,수산축산물,26900.0
2077,의류,아동/주니어의류,46600.0
2078,식품,수입식품,28600.0
2079,가전,휴대폰,792000.0
2080,가전,영상음향,320700.0
2081,가전,영상음향,321200.0
2082,의류,유아의류,39900.0
2083,가전,주방가전,383200.0
2084,의류,언더웨어,34700.0
2085,의류,로드샵브랜드,39800.0
2086,가전,휴대폰,790100.0
2087,생활용품,주방용품,43700.0
2088,가전,주방가전,390200.0
2089,의류,잠옷,67400.0
2090,화장품,명품화장품,114400.0
2091,의류,잠옷,65900.0
2092,식품,음료,34900.0
2093,가전,휴대폰,802400.0
2094,의류,여성의류,64800.0
2095,화장품,향수,65800.0
2096,의류,남성의류,100100.0
2097,의류,언더웨어,38700.0
2098,의류,로드샵브랜드,40000.0
2099,의류,로드샵브랜드,43000.0
2100,의류,스포츠의류,53000.0
2101,의류,잠옷,68500.0
2102,의류,아동/주니어의류,37700.0
2103,의류,로드샵브랜드,45300.0
2104,화장품,스킨케어,38000.0
2105,의류,유아의류,40500.0
2106,가전,휴대폰,803500.0
2107,가전,휴대폰,803800.0
2108,화장품,명품화장품,114100.0
2109,생활용품,세제,37300.0
2110,생활용품,주방용품,38100.0
2111,식품,과자류,12100.0
2112,의류,기타의류,47900.0
2113,가전,휴대폰,795300.0
2114,생활용품,생활잡화,35900.0
2115,화장품,스킨케어,39700.0
2116,화장품,헤어,23800.0
2117,의류,스포츠의류,54900.0
2118,의류,로드샵브랜드,37900.0
2119,의류,빅사이즈의류,65000.0
2120,생활용품,세제,40200.0
2121,의류,아동/주니어의류,36000.0
2122,의류,기타의류,50800.0
2123,의류,언더웨어,30200.0
2124,가전,주방가전,380000.0
2125,생활용품,세제,40600.0
2126,식품,즉석식품,27300.0
2127,화장품,남성화장품,49300.0
2128,가전,휴대폰,792500.0
2129,가전,영상음향,327600.0
2130,화장품,선케어,15600.0
2131,식품,수산축산물,34900.0
2132,식품,건강식품,133300.0
2133,화장품,클렌징,15700.0
2134,가전,휴대폰,808500.0
2135,화장품,남성화장품,55500.0
2136,화장품,남성화장품,54400.0
2137,생활용품,생활잡화,32000.0
2138,생활용품,생활잡화,27500.0
2139,의류,유아의류,35300.0
2140,의류,남성의류,96600.0
2141,화장품,명품화장품,111700.0
2142,의류,로드샵브랜드,45400.0
2143,의류,잠옷,68800.0
2144,가전,영상음향,327300.0
2145,식품,즉석식품,27200.0
2146,생활용품,세제,40800.0
2147,식품,건강식품,135500.0
2148,가전,주방가전,381900.0
2149,식품,음료,29300.0
2150,의류,아동/주니어의류,41500.0
2151,식품,음료,32400.0
2152,화장품,명품화장품,118500.0
2153,의류,유아의류,33700.0
2154,의류,언더웨어,33900.0
2155,의류,스포츠의류,47300.0
2156,화장품,헤어,28700.0
2157,의류,여성의류,60400.0
2158,의류,남성의류,99600.0
2159,식품,음료,29800.0
2160,의류,남성의류,91800.0
2161,화장품,남성화장품,55000.0
2162,가전,주방가전,381700.0
2163,가전,주방가전,388000.0
2164,화장품,명품화장품,112600.0
2165,생활용품,세제,36600.0
2166,의류,유아의류,36600.0
2167,의류,아동/주니어의류,43900.0
2168,식품,수산축산물,26300.0
2169,화장품,명품화장품,119100.0
2170,의류,잠옷,65600.0
2171,식품,과자류,12700.0
2172,의류,잠옷,68200.0
2173,화장품,명품화장품,111200.0
2174,생활용품,주방용품,42600.0
2175,의류,여성의류,63500.0
2176,의류,유아의류,34000.0
2177,식품,농산물,22200.0
2178,의류,언더웨어,39300.0
2179,의류,아동/주니어의류,35800.0
2180,식품,유기농식품,58200.0
2181,의류,임부복,63000.0
2182,화장품,향수,65200.0
2183,식품,과자류,5500.0
2184,식품,과자류,11600.0
2185,의류,스포츠의류,55900.0
2186,의류,여성의류,64300.0
2187,생활용품,세제,38100.0
2188,식품,수산축산물,27300.0
2189,생활용품,주방용품,34300.0
2190,의류,기타의류,52600.0
2191,식품,수산축산물,34700.0
2192,화장품,헤어,29700.0
2193,식품,건강식품,126500.0
2194,식품,수산축산물,30700.0
2195,의류,빅사이즈의류,67500.0
2196,생활용품,세제,33900.0
2197,식품,음료,30500.0
2198,화장품,헤어,26900.0
2199,의류,기타의류,48200.0
2200,의류,아동/주니어의류,36800.0
2201,의류,로드샵브랜드,40600.0
2202,식품,농산물,17100.0
2203,화장품,바디,20300.0
2204,의류,로드샵브랜드,44200.0
2205,화장품,스킨케어,45500.0
2206,생활용품,화장지,21000.0
2207,의류,유아의류,40100.0
2208,의류,아동/주니어의류,46000.0
2209,생활용품,화장지,22300.0
2210,생활용품,세제,39300.0
2211,의류,아동/주니어의류,46200.0
2212,화장품,명품화장품,113800.0
2213,의류,아동/주니어의류,44800.0
2214,의류,여성의류,57200.0
2215,생활용품,주방용품,36400.0
2216,가전,주방가전,389200.0
2217,생활용품,세제,31600.0
2218,화장품,명품화장품,120000.0
2219,식품,과자류,10700.0
2220,가전,휴대폰,804300.0
2221,의류,스포츠의류,52600.0
2222,의류,빅사이즈의류,66500.0
2223,식품,농산물,16400.0
2224,의류,여성의류,64500.0
2225,생활용품,생활잡화,34600.0
2226,식품,음료,29700.0
2227,의류,스포츠의류,48500.0
2228,의류,아동/주니어의류,38600.0
2229,의류,잠옷,70400.0
2230,식품,건강식품,126000.0
2231,의류,여성의류,64900.0
2232,식품,음료,31800.0
2233,의류,여성의류,56300.0
2234,식품,건강식품,134500.0
2235,의류,남성의류,90000.0
2236,식품,건강식품,127300.0
2237,식품,음료,25400.0
2238,의류,여성의류,61600.0
2239,의류,남성의류,89700.0
2240,의류,로드샵브랜드,41100.0
2241,의류,잠옷,67300.0
2242,의류,언더웨어,29300.0
2243,생활용품,세제,34700.0
2244,화장품,명품화장품,112900.0
2245,의류,언더웨어,35300.0
2246,의류,잠옷,75300.0
2247,가전,주방가전,384400.0
2248,식품,음료,33500.0
2249,식품,농산물,20600.0
2250,식품,농산물,21100.0
2251,식품,수산축산물,25600.0
2252,의류,기타의류,54400.0
2253,화장품,헤어,32700.0
2254,의류,스포츠의류,56000.0
2255,의류,언더웨어,38800.0
2256,식품,간식,25700.0
2257,생활용품,주방용품,43400.0
2258,생활용품,생활잡화,32500.0
2259,의류,기타의류,56600.0
2260,의류,언더웨어,38100.0
2261,의류,잠옷,66600.0
2262,화장품,선케어,15300.0
2263,식품,건강식품,129200.0
2264,의류,여성의류,61400.0
2265,가전,휴대폰,799300.0
2266,식품,과자류,11300.0
2267,생활용품,세제,31500.0
2268,의류,유아의류,33600.0
2269,식품,과자류,14800.0
2270,식품,농산물,15500.0
2271,의류,아동/주니어의류,45200.0
2272,의류,아동/주니어의류,44500.0
2273,의류,남성의류,99900.0
2274,가전,휴대폰,807400.0
2275,의류,유아의류,36700.0
2276,의류,기타의류,49600.0
2277,식품,농산물,21900.0
2278,화장품,남성화장품,47200.0
2279,생활용품,주방용품,42300.0
2280,가전,영상음향,323100.0
2281,화장품,메이크업,66600.0
2282,의류,남성의류,93200.0
2283,식품,음료,34700.0
2284,의류,빅사이즈의류,67400.0
2285,식품,간식,25900.0
2286,식품,농산물,22400.0
2287,생활용품,주방용품,40100.0
2288,의류,유아의류,37600.0
2289,가전,주방가전,384100.0
2290,생활용품,생활잡화,35300.0
2291,식품,유기농식품,59800.0
2292,생활용품,주방용품,33500.0
2293,의류,로드샵브랜드,40200.0
2294,화장품,헤어,31600.0
2295,의류,남성의류,91200.0
2296,식품,가공식품,27900.0
2297,식품,과자류,7800.0
2298,화장품,명품화장품,120800.0
2299,의류,빅사이즈의류,61800.0
2300,화장품,헤어,32500.0
2301,의류,스포츠의류,47500.0
2302,생활용품,주방용품,35300.0
2303,의류,빅사이즈의류,68700.0
2304,의류,언더웨어,35500.0
2305,가전,영상음향,321900.0
2306,의류,유아의류,36400.0
2307,의류,임부복,54800.0
2308,의류,남성의류,95500.0
2309,의류,스포츠의류,53800.0
2310,의류,잠옷,74700.0
2311,의류,잠옷,75400.0
2312,생활용품,세제,36000.0
2313,가전,휴대폰,790300.0
2314,화장품,헤어,31300.0
2315,의류,여성의류,62000.0
2316,의류,언더웨어,37700.0
2317,의류,남성의류,97600.0
2318,생활용품,주방용품,35500.0
2319,의류,여성의류,63800.0
2320,식품,음료,35200.0
2321,식품,건강식품,130400.0
2322,식품,수산축산물,26100.0
2323,의류,기타의류,52000.0
2324,가전,주방가전,380800.0
2325,의류,기타의류,56000.0
2326,의류,스포츠의류,48000.0
2327,의류,임부복,56700.0
2328,화장품,메이크업,62200.0
2329,식품,음료,31100.0
2330,식품,농산물,22700.0
2331,의류,로드샵브랜드,39000.0
2332,식품,음료,32200.0
2333,의류,유아의류,33900.0
2334,의류,언더웨어,34400.0
2335,식품,농산물,13300.0
2336,식품,과자류,14700.0
2337,식품,수산축산물,32000.0
2338,의류,임부복,62000.0
2339,생활용품,화장지,21600.0
2340,식품,건강식품,134800.0
2341,의류,남성의류,99700.0
2342,의류,빅사이즈의류,65300.0
2343,생활용품,주방용품,33400.0
2344,화장품,스킨케어,43900.0
2345,의류,아동/주니어의류,36200.0
2346,의류,임부복,55200.0
2347,의류,로드샵브랜드,41900.0
2348,화장품,향수,62500.0
2349,식품,수산축산물,31100.0
2350,식품,수산축산물,34300.0
2351,생활용품,생활잡화,30600.0
2352,의류,유아의류,34400.0
2353,의류,빅사이즈의류,67200.0
2354,의류,아동/주니어의류,45800.0
2355,의류,유아의류,34300.0
2356,의류,빅사이즈의류,62700.0
2357,의류,기타의류,49100.0
2358,의류,유아의류,35900.0
2359,의류,기타의류,49300.0
2360,가전,휴대폰,789800.0
2361,가전,주방가전,383600.0
2362,의류,로드샵브랜드,48300.0
2363,식품,과자류,7600.0
2364,가전,주방가전,381300.0
2365,의류,여성의류,60000.0
2366,의류,기타의류,54600.0
2367,의류,기타의류,50100.0
2368,식품,과자류,15500.0
2369,화장품,메이크업,67400.0
2370,생활용품,생활잡화,32600.0
2371,화장품,남성화장품,55700.0
2372,의류,로드샵브랜드,42600.0
2373,생활용품,세제,30600.0
2374,의류,스포츠의류,47200.0
2375,생활용품,세제,39500.0
2376,의류,여성의류,63100.0
2377,식품,농산물,22000.0
2378,화장품,스킨케어,40100.0
2379,가전,영상음향,323200.0
2380,의류,잠옷,69900.0
2381,의류,로드샵브랜드,47900.0
2382,식품,건강식품,132300.0
2383,식품,농산물,19200.0
2384,화장품,클렌징,16600.0
2385,의류,아동/주니어의류,47500.0
2386,화장품,스킨케어,36500.0
2387,식품,건강식품,127700.0
2388,가전,영상음향,329200.0
2389,식품,건강식품,134100.0
2390,화장품,남성화장품,46300.0
2391,의류,유아의류,31600.0
2392,생활용품,세제,33100.0
2393,생활용품,화장지,20500.0
2394,화장품,바디,20700.0
2395,화장품,선케어,14100.0
2396,생활용품,생활잡화,33900.0
2397,가전,휴대폰,800500.0
2398,의류,스포츠의류,54300.0
2399,식품,건강식품,127200.0
2400,의류,빅사이즈의류,63500.0
2401,의류,남성의류,100200.0
2402,가전,영상음향,324400.0
2403,가전,생활가전,203500.0
2404,식품,수산축산물,28700.0
2405,생활용품,주방용품,35100.0
2406,식품,과자류,12900.0
2407,식품,과자류,12600.0
2408,의류,기타의류,49900.0
2409,의류,빅사이즈의류,62400.0
2410,의류,임부복,58100.0
2411,의류,임부복,55700.0
2412,의류,유아의류,38000.0
2413,식품,즉석식품,28500.0
2414,가전,주방가전,386500.0
2415,생활용품,생활잡화,27100.0
2416,화장품,선케어,14500.0
2417,의류,여성의류,56900.0
2418,가전,휴대폰,800300.0
2419,의류,유아의류,41600.0
2420,생활용품,주방용품,37100.0
2421,식품,음료,25900.0
2422,생활용품,주방용품,36300.0
2423,가전,영상음향,322400.0
2424,화장품,바디,20600.0
2425,화장품,명품화장품,115400.0
2426,식품,농산물,22100.0
2427,식품,건강식품,133200.0
2428,의류,남성의류,95000.0
2429,의류,임부복,59600.0
2430,식품,농산물,17000.0
2431,가전,휴대폰,793400.0
2432,의류,여성의류,57900.0
2433,가전,주방가전,380400.0
2434,식품,과자류,13000.0
2435,식품,농산물,13200.0
2436,생활용품,주방용품,35000.0
2437,의류,기타의류,48500.0
2438,의류,아동/주니어의류,47300.0
2439,화장품,스킨케어,42600.0
2440,의류,유아의류,40400.0
2441,생활용품,생활잡화,25900.0
2442,의류,빅사이즈의류,63900.0
2443,가전,생활가전,205000.0
2444,의류,유아의류,33300.0
2445,가전,주방가전,390000.0
2446,식품,간식,25500.0
2447,의류,여성의류,66600.0
2448,의류,여성의류,64000.0
2449,식품,수산축산물,31900.0
2450,생활용품,세제,35800.0
2451,식품,유기농식품,62200.0
2452,의류,남성의류,93100.0
2453,식품,농산물,13700.0
2454,의류,아동/주니어의류,47100.0
2455,의류,남성의류,93700.0
2456,의류,언더웨어,29600.0
2457,화장품,명품화장품,116900.0
2458,식품,과자류,11800.0
2459,식품,음료,30600.0
2460,의류,스포츠의류,49600.0
2461,식품,유기농식품,61900.0
2462,의류,로드샵브랜드,47600.0
2463,화장품,헤어,32400.0
2464,의류,여성의류,66700.0
2465,의류,기타의류,46700.0
2466,화장품,클렌징,16500.0
2467,의류,여성의류,63200.0
2468,의류,언더웨어,29500.0
2469,가전,영상음향,323400.0
2470,화장품,바디,21600.0
2471,의류,기타의류,47500.0
2472,식품,가공식품,26500.0
2473,가전,생활가전,196800.0
2474,생활용품,화장지,20000.0
2475,의류,스포츠의류,46200.0
2476,의류,아동/주니어의류,44600.0
2477,생활용품,세제,38300.0
2478,의류,언더웨어,38400.0
2479,생활용품,생활잡화,31800.0
2480,생활용품,생활잡화,29000.0
2481,화장품,스킨케어,45100.0
2482,의류,여성의류,56500.0
2483,화장품,명품화장품,118100.0
2484,의류,빅사이즈의류,60500.0
2485,식품,유기농식품,66500.0
2486,의류,기타의류,47700.0
2487,의류,로드샵브랜드,43200.0
2488,가전,생활가전,202400.0
2489,화장품,명품화장품,119400.0
2490,생활용품,화장지,21200.0
2491,생활용품,세제,39700.0
2492,식품,농산물,17500.0
2493,의류,남성의류,96100.0
2494,의류,유아의류,39400.0
2495,식품,음료,25800.0
2496,의류,언더웨어,37200.0
2497,의류,아동/주니어의류,47200.0
2498,생활용품,주방용품,40800.0
2499,식품,과자류,5700.0
2500,화장품,헤어,29900.0
2501,식품,과자류,7100.0
2502,의류,빅사이즈의류,61200.0
2503,식품,과자류,8900.0
2504,의류,로드샵브랜드,39600.0
2505,의류,스포츠의류,48400.0
2506,화장품,명품화장품,116600.0
2507,의류,스포츠의류,54700.0
2508,화장품,바디,21400.0
2509,식품,수산축산물,31300.0
2510,식품,수산축산물,28300.0
2511,생활용품,세제,37000.0
2512,식품,음료,26900.0
2513,가전,생활가전,206700.0
2514,의류,아동/주니어의류,42400.0
2515,의류,빅사이즈의류,60300.0
2516,의류,스포츠의류,57700.0
2517,의류,스포츠의류,53200.0
2518,의류,로드샵브랜드,43600.0
2519,의류,유아의류,33000.0
2520,생활용품,화장지,20700.0
2521,의류,스포츠의류,52500.0
2522,식품,수산축산물,30400.0
2523,식품,음료,27300.0
2524,식품,즉석식품,35900.0
2525,의류,여성의류,59100.0
2526,의류,기타의류,50600.0
2527,의류,아동/주니어의류,47900.0
2528,의류,빅사이즈의류,64200.0
2529,생활용품,세제,36400.0
2530,의류,기타의류,55100.0
2531,의류,언더웨어,29400.0
2532,의류,언더웨어,29200.0
2533,의류,스포츠의류,51700.0
2534,식품,농산물,18700.0
2535,의류,언더웨어,31100.0
2536,식품,수산축산물,29000.0
2537,식품,수산축산물,32800.0
2538,화장품,명품화장품,115000.0
2539,가전,휴대폰,806700.0
2540,식품,수산축산물,28100.0
2541,의류,여성의류,66900.0
2542,식품,유기농식품,67600.0
2543,의류,여성의류,60200.0
2544,의류,스포츠의류,46500.0
2545,가전,주방가전,388600.0
2546,가전,주방가전,386300.0
2547,가전,휴대폰,793300.0
2548,생활용품,세제,38800.0
2549,의류,여성의류,56600.0
2550,식품,음료,29900.0
2551,의류,잠옷,75900.0
2552,식품,음료,35900.0
2553,식품,수산축산물,33600.0
2554,생활용품,생활잡화,33700.0
2555,식품,수산축산물,34600.0
2556,식품,건강식품,125300.0
2557,식품,음료,35000.0
2558,의류,아동/주니어의류,42700.0
2559,가전,영상음향,330000.0
2560,식품,음료,29200.0
2561,식품,건강식품,128300.0
2562,의류,남성의류,96700.0
2563,식품,농산물,19900.0
2564,식품,즉석식품,30000.0
2565,가전,영상음향,322900.0
2566,식품,농산물,17700.0
2567,의류,스포츠의류,48200.0
2568,가전,휴대폰,790400.0
2569,생활용품,생활잡화,28800.0
2570,의류,기타의류,46900.0
2571,식품,수산축산물,26500.0
2572,식품,수산축산물,29400.0
2573,화장품,향수,63900.0
2574,화장품,명품화장품,114000.0
2575,식품,즉석식품,27600.0
2576,식품,음료,34000.0
2577,의류,잠옷,75100.0
2578,가전,주방가전,380600.0
2579,의류,잠옷,74100.0
2580,화장품,남성화장품,56100.0
2581,의류,여성의류,60900.0
2582,화장품,명품화장품,114900.0
2583,의류,잠옷,65700.0
2584,가전,주방가전,382900.0
2585,의류,잠옷,68000.0
2586,의류,언더웨어,32300.0
2587,생활용품,세제,38000.0
2588,가전,휴대폰,801400.0
2589,의류,유아의류,37400.0
2590,의류,아동/주니어의류,47700.0
2591,의류,로드샵브랜드,46300.0
2592,의류,여성의류,58600.0
2593,의류,기타의류,52800.0
2594,의류,언더웨어,32400.0
2595,식품,음료,31600.0
2596,의류,여성의류,67200.0
2597,의류,기타의류,54000.0
2598,의류,빅사이즈의류,59800.0
2599,의류,여성의류,65000.0
2600,가전,주방가전,381600.0
2601,화장품,헤어,30900.0
2602,의류,아동/주니어의류,44200.0
2603,의류,잠옷,74500.0
2604,가전,영상음향,328200.0
2605,화장품,명품화장품,112100.0
2606,의류,빅사이즈의류,59500.0
2607,의류,로드샵브랜드,44900.0
2608,의류,여성의류,60800.0
2609,가전,주방가전,387000.0
2610,식품,과자류,15600.0
2611,의류,여성의류,66300.0
2612,의류,유아의류,35000.0
2613,의류,스포츠의류,51300.0
2614,가전,영상음향,325000.0
2615,의류,언더웨어,33200.0
2616,의류,로드샵브랜드,40800.0
2617,가전,주방가전,388800.0
2618,가전,영상음향,331400.0
2619,식품,농산물,20500.0
2620,의류,여성의류,63400.0
2621,의류,스포츠의류,49400.0
2622,식품,즉석식품,31700.0
2623,가전,영상음향,328900.0
2624,의류,아동/주니어의류,40800.0
2625,식품,음료,35300.0
2626,의류,여성의류,62900.0
2627,의류,남성의류,92400.0
2628,식품,건강식품,134700.0
2629,화장품,명품화장품,115300.0
2630,식품,가공식품,26900.0
2631,가전,휴대폰,803300.0
